split,batch_idx,shard_file,n,feature_dim,elapsed_batch_sec
train,0,train_features_000000.pt,8,1024,1.5987367630004883
train,1,train_features_000001.pt,8,1024,0.0898895263671875
train,2,train_features_000002.pt,8,1024,0.10551834106445312
train,3,train_features_000003.pt,8,1024,0.13397908210754395
train,4,train_features_000004.pt,8,1024,0.09076094627380371
train,5,train_features_000005.pt,8,1024,0.09676003456115723
train,6,train_features_000006.pt,8,1024,0.10059642791748047
train,7,train_features_000007.pt,8,1024,0.11017584800720215
train,8,train_features_000008.pt,8,1024,0.09305739402770996
train,9,train_features_000009.pt,8,1024,0.09139776229858398
train,10,train_features_000010.pt,8,1024,0.08976602554321289
train,11,train_features_000011.pt,8,1024,0.1434004306793213
train,12,train_features_000012.pt,8,1024,0.09706830978393555
train,13,train_features_000013.pt,8,1024,0.09028100967407227
train,14,train_features_000014.pt,8,1024,0.08981180191040039
train,15,train_features_000015.pt,8,1024,0.08988142013549805
train,16,train_features_000016.pt,8,1024,0.10264205932617188
train,17,train_features_000017.pt,8,1024,0.08992409706115723
train,18,train_features_000018.pt,8,1024,0.09051036834716797
train,19,train_features_000019.pt,8,1024,0.0973968505859375
train,20,train_features_000020.pt,8,1024,0.090240478515625
train,21,train_features_000021.pt,8,1024,0.09314274787902832
train,22,train_features_000022.pt,8,1024,0.14910364151000977
train,23,train_features_000023.pt,8,1024,0.09945130348205566
train,24,train_features_000024.pt,8,1024,0.0907747745513916
train,25,train_features_000025.pt,8,1024,0.11875438690185547
train,26,train_features_000026.pt,8,1024,0.1254103183746338
train,27,train_features_000027.pt,8,1024,0.09027862548828125
train,28,train_features_000028.pt,8,1024,0.10116696357727051
train,29,train_features_000029.pt,8,1024,0.09873008728027344
train,30,train_features_000030.pt,8,1024,0.12102127075195312
train,31,train_features_000031.pt,8,1024,0.09588861465454102
train,32,train_features_000032.pt,8,1024,0.09070205688476562
train,33,train_features_000033.pt,8,1024,0.09057879447937012
train,34,train_features_000034.pt,8,1024,0.09905385971069336
train,35,train_features_000035.pt,8,1024,0.09079790115356445
train,36,train_features_000036.pt,8,1024,0.08987140655517578
train,37,train_features_000037.pt,8,1024,0.09028482437133789
train,38,train_features_000038.pt,8,1024,0.08994770050048828
train,39,train_features_000039.pt,8,1024,0.10750317573547363
train,40,train_features_000040.pt,8,1024,0.08969283103942871
train,41,train_features_000041.pt,8,1024,0.09072136878967285
train,42,train_features_000042.pt,8,1024,0.09038853645324707
train,43,train_features_000043.pt,8,1024,0.1229863166809082
train,44,train_features_000044.pt,8,1024,0.09417986869812012
train,45,train_features_000045.pt,8,1024,0.08996129035949707
train,46,train_features_000046.pt,8,1024,0.09041547775268555
train,47,train_features_000047.pt,8,1024,0.1412370204925537
train,48,train_features_000048.pt,8,1024,0.09045028686523438
train,49,train_features_000049.pt,8,1024,0.09450507164001465
train,50,train_features_000050.pt,8,1024,0.1402740478515625
train,51,train_features_000051.pt,8,1024,0.0965738296508789
train,52,train_features_000052.pt,8,1024,0.09057784080505371
train,53,train_features_000053.pt,8,1024,0.1035921573638916
train,54,train_features_000054.pt,8,1024,0.15127778053283691
train,55,train_features_000055.pt,8,1024,0.09121489524841309
train,56,train_features_000056.pt,8,1024,0.09278702735900879
train,57,train_features_000057.pt,8,1024,0.09803390502929688
train,58,train_features_000058.pt,8,1024,0.09029388427734375
train,59,train_features_000059.pt,8,1024,0.12749338150024414
train,60,train_features_000060.pt,8,1024,0.09438824653625488
train,61,train_features_000061.pt,8,1024,0.09678435325622559
train,62,train_features_000062.pt,8,1024,0.0902400016784668
train,63,train_features_000063.pt,8,1024,0.0898275375366211
train,64,train_features_000064.pt,8,1024,0.09497809410095215
train,65,train_features_000065.pt,8,1024,0.0959615707397461
train,66,train_features_000066.pt,8,1024,0.09889554977416992
train,67,train_features_000067.pt,8,1024,0.09483098983764648
train,68,train_features_000068.pt,8,1024,0.09043669700622559
train,69,train_features_000069.pt,8,1024,0.09039473533630371
train,70,train_features_000070.pt,8,1024,0.09071540832519531
train,71,train_features_000071.pt,8,1024,0.09064197540283203
train,72,train_features_000072.pt,8,1024,0.09375667572021484
train,73,train_features_000073.pt,8,1024,0.09124898910522461
train,74,train_features_000074.pt,8,1024,0.09093308448791504
train,75,train_features_000075.pt,8,1024,0.09331846237182617
train,76,train_features_000076.pt,8,1024,0.09013009071350098
train,77,train_features_000077.pt,8,1024,0.1403200626373291
train,78,train_features_000078.pt,8,1024,0.12389612197875977
train,79,train_features_000079.pt,8,1024,0.09061479568481445
train,80,train_features_000080.pt,8,1024,0.1266169548034668
train,81,train_features_000081.pt,8,1024,0.09057092666625977
train,82,train_features_000082.pt,8,1024,0.09048771858215332
train,83,train_features_000083.pt,8,1024,0.09110403060913086
train,84,train_features_000084.pt,8,1024,0.10777497291564941
train,85,train_features_000085.pt,8,1024,0.09230709075927734
train,86,train_features_000086.pt,8,1024,0.09026169776916504
train,87,train_features_000087.pt,8,1024,0.0905919075012207
train,88,train_features_000088.pt,8,1024,0.0950462818145752
train,89,train_features_000089.pt,8,1024,0.09174227714538574
train,90,train_features_000090.pt,8,1024,0.09064984321594238
train,91,train_features_000091.pt,8,1024,0.1525285243988037
train,92,train_features_000092.pt,8,1024,0.09804415702819824
train,93,train_features_000093.pt,8,1024,0.09898042678833008
train,94,train_features_000094.pt,8,1024,0.09094095230102539
train,95,train_features_000095.pt,8,1024,0.09098124504089355
train,96,train_features_000096.pt,8,1024,0.09032082557678223
train,97,train_features_000097.pt,8,1024,0.09270763397216797
train,98,train_features_000098.pt,8,1024,0.1086583137512207
train,99,train_features_000099.pt,8,1024,0.09164190292358398
train,100,train_features_000100.pt,8,1024,0.09101748466491699
train,101,train_features_000101.pt,8,1024,0.09078574180603027
train,102,train_features_000102.pt,8,1024,0.09072065353393555
train,103,train_features_000103.pt,8,1024,0.09526467323303223
train,104,train_features_000104.pt,8,1024,0.09752798080444336
train,105,train_features_000105.pt,8,1024,0.11516642570495605
train,106,train_features_000106.pt,8,1024,0.09093379974365234
train,107,train_features_000107.pt,8,1024,0.10341382026672363
train,108,train_features_000108.pt,8,1024,0.0959773063659668
train,109,train_features_000109.pt,8,1024,0.1223914623260498
train,110,train_features_000110.pt,8,1024,0.0905153751373291
train,111,train_features_000111.pt,8,1024,0.11955046653747559
train,112,train_features_000112.pt,8,1024,0.09716582298278809
train,113,train_features_000113.pt,8,1024,0.12817835807800293
train,114,train_features_000114.pt,8,1024,0.0926198959350586
train,115,train_features_000115.pt,8,1024,0.14762425422668457
train,116,train_features_000116.pt,8,1024,0.09049177169799805
train,117,train_features_000117.pt,8,1024,0.09119200706481934
train,118,train_features_000118.pt,8,1024,0.09034538269042969
train,119,train_features_000119.pt,8,1024,0.09079360961914062
train,120,train_features_000120.pt,8,1024,0.09063434600830078
train,121,train_features_000121.pt,8,1024,0.1322634220123291
train,122,train_features_000122.pt,8,1024,0.09830379486083984
train,123,train_features_000123.pt,8,1024,0.09063315391540527
train,124,train_features_000124.pt,8,1024,0.09090781211853027
train,125,train_features_000125.pt,8,1024,0.0944068431854248
train,126,train_features_000126.pt,8,1024,0.09953618049621582
train,127,train_features_000127.pt,8,1024,0.09195232391357422
train,128,train_features_000128.pt,8,1024,0.14134764671325684
train,129,train_features_000129.pt,8,1024,0.12873315811157227
train,130,train_features_000130.pt,8,1024,0.09134078025817871
train,131,train_features_000131.pt,8,1024,0.09064793586730957
train,132,train_features_000132.pt,8,1024,0.13559532165527344
train,133,train_features_000133.pt,8,1024,0.12119364738464355
train,134,train_features_000134.pt,8,1024,0.09089016914367676
train,135,train_features_000135.pt,8,1024,0.14530301094055176
train,136,train_features_000136.pt,8,1024,0.09072303771972656
train,137,train_features_000137.pt,8,1024,0.13495755195617676
train,138,train_features_000138.pt,8,1024,0.0911855697631836
train,139,train_features_000139.pt,8,1024,0.09467101097106934
train,140,train_features_000140.pt,8,1024,0.09145498275756836
train,141,train_features_000141.pt,8,1024,0.10343480110168457
train,142,train_features_000142.pt,8,1024,0.09533548355102539
train,143,train_features_000143.pt,8,1024,0.09073829650878906
train,144,train_features_000144.pt,8,1024,0.12803888320922852
train,145,train_features_000145.pt,8,1024,0.09386587142944336
train,146,train_features_000146.pt,8,1024,0.12286090850830078
train,147,train_features_000147.pt,8,1024,0.11117267608642578
train,148,train_features_000148.pt,8,1024,0.09106183052062988
train,149,train_features_000149.pt,8,1024,0.08947372436523438
train,150,train_features_000150.pt,8,1024,0.09155988693237305
train,151,train_features_000151.pt,8,1024,0.10300731658935547
train,152,train_features_000152.pt,8,1024,0.09102249145507812
train,153,train_features_000153.pt,8,1024,0.0905611515045166
train,154,train_features_000154.pt,8,1024,0.12939190864562988
train,155,train_features_000155.pt,8,1024,0.0909116268157959
train,156,train_features_000156.pt,8,1024,0.09842252731323242
train,157,train_features_000157.pt,8,1024,0.09095358848571777
train,158,train_features_000158.pt,8,1024,0.09121417999267578
train,159,train_features_000159.pt,8,1024,0.09077715873718262
train,160,train_features_000160.pt,8,1024,0.0962991714477539
train,161,train_features_000161.pt,8,1024,0.09751200675964355
train,162,train_features_000162.pt,8,1024,0.09122800827026367
train,163,train_features_000163.pt,8,1024,0.09096121788024902
train,164,train_features_000164.pt,8,1024,0.12660527229309082
train,165,train_features_000165.pt,8,1024,0.11547255516052246
train,166,train_features_000166.pt,8,1024,0.1131441593170166
train,167,train_features_000167.pt,8,1024,0.09751009941101074
train,168,train_features_000168.pt,8,1024,0.13907980918884277
train,169,train_features_000169.pt,8,1024,0.09066319465637207
train,170,train_features_000170.pt,8,1024,0.0913383960723877
train,171,train_features_000171.pt,8,1024,0.09079599380493164
train,172,train_features_000172.pt,8,1024,0.09160709381103516
train,173,train_features_000173.pt,8,1024,0.08970832824707031
train,174,train_features_000174.pt,8,1024,0.09119129180908203
train,175,train_features_000175.pt,8,1024,0.08983373641967773
train,176,train_features_000176.pt,8,1024,0.09112811088562012
train,177,train_features_000177.pt,8,1024,0.0981142520904541
train,178,train_features_000178.pt,8,1024,0.09074807167053223
train,179,train_features_000179.pt,8,1024,0.12208032608032227
train,180,train_features_000180.pt,8,1024,0.09108972549438477
train,181,train_features_000181.pt,8,1024,0.09077858924865723
train,182,train_features_000182.pt,8,1024,0.09093165397644043
train,183,train_features_000183.pt,8,1024,0.09051227569580078
train,184,train_features_000184.pt,8,1024,0.09070324897766113
train,185,train_features_000185.pt,8,1024,0.12755584716796875
train,186,train_features_000186.pt,8,1024,0.09535789489746094
train,187,train_features_000187.pt,8,1024,0.09024930000305176
train,188,train_features_000188.pt,8,1024,0.09385251998901367
train,189,train_features_000189.pt,8,1024,0.09105753898620605
train,190,train_features_000190.pt,8,1024,0.08970427513122559
train,191,train_features_000191.pt,8,1024,0.1456317901611328
train,192,train_features_000192.pt,8,1024,0.12363934516906738
train,193,train_features_000193.pt,8,1024,0.09095406532287598
train,194,train_features_000194.pt,8,1024,0.0944375991821289
train,195,train_features_000195.pt,8,1024,0.09887862205505371
train,196,train_features_000196.pt,8,1024,0.09035110473632812
train,197,train_features_000197.pt,8,1024,0.09035873413085938
train,198,train_features_000198.pt,8,1024,0.12218713760375977
train,199,train_features_000199.pt,8,1024,0.09035396575927734
train,200,train_features_000200.pt,8,1024,0.09062671661376953
train,201,train_features_000201.pt,8,1024,0.09105658531188965
train,202,train_features_000202.pt,8,1024,0.14954543113708496
train,203,train_features_000203.pt,8,1024,0.09665584564208984
train,204,train_features_000204.pt,8,1024,0.09163379669189453
train,205,train_features_000205.pt,8,1024,0.0898745059967041
train,206,train_features_000206.pt,8,1024,0.1500835418701172
train,207,train_features_000207.pt,8,1024,0.09626364707946777
train,208,train_features_000208.pt,8,1024,0.09894108772277832
train,209,train_features_000209.pt,8,1024,0.09471893310546875
train,210,train_features_000210.pt,8,1024,0.09105229377746582
train,211,train_features_000211.pt,8,1024,0.14108991622924805
train,212,train_features_000212.pt,8,1024,0.09529995918273926
train,213,train_features_000213.pt,8,1024,0.0911104679107666
train,214,train_features_000214.pt,8,1024,0.1199183464050293
train,215,train_features_000215.pt,8,1024,0.1276845932006836
train,216,train_features_000216.pt,8,1024,0.09104204177856445
train,217,train_features_000217.pt,8,1024,0.0905454158782959
train,218,train_features_000218.pt,8,1024,0.09121561050415039
train,219,train_features_000219.pt,8,1024,0.09088897705078125
train,220,train_features_000220.pt,8,1024,0.14614081382751465
train,221,train_features_000221.pt,8,1024,0.09088921546936035
train,222,train_features_000222.pt,8,1024,0.1466836929321289
train,223,train_features_000223.pt,8,1024,0.09088373184204102
train,224,train_features_000224.pt,8,1024,0.09116101264953613
train,225,train_features_000225.pt,8,1024,0.1362743377685547
train,226,train_features_000226.pt,8,1024,0.10349178314208984
train,227,train_features_000227.pt,8,1024,0.09372162818908691
train,228,train_features_000228.pt,8,1024,0.12404537200927734
train,229,train_features_000229.pt,8,1024,0.09361004829406738
train,230,train_features_000230.pt,8,1024,0.09145736694335938
train,231,train_features_000231.pt,8,1024,0.09848475456237793
train,232,train_features_000232.pt,8,1024,0.11228299140930176
train,233,train_features_000233.pt,8,1024,0.09511423110961914
train,234,train_features_000234.pt,8,1024,0.09046626091003418
train,235,train_features_000235.pt,8,1024,0.09354352951049805
train,236,train_features_000236.pt,8,1024,0.13971734046936035
train,237,train_features_000237.pt,8,1024,0.09348940849304199
train,238,train_features_000238.pt,8,1024,0.11274909973144531
train,239,train_features_000239.pt,8,1024,0.09291982650756836
train,240,train_features_000240.pt,8,1024,0.09016227722167969
train,241,train_features_000241.pt,8,1024,0.09564828872680664
train,242,train_features_000242.pt,8,1024,0.0910954475402832
train,243,train_features_000243.pt,8,1024,0.1237039566040039
train,244,train_features_000244.pt,8,1024,0.09021544456481934
train,245,train_features_000245.pt,8,1024,0.09784603118896484
train,246,train_features_000246.pt,8,1024,0.0914618968963623
train,247,train_features_000247.pt,8,1024,0.1027529239654541
train,248,train_features_000248.pt,8,1024,0.09092283248901367
train,249,train_features_000249.pt,8,1024,0.09893441200256348
train,250,train_features_000250.pt,8,1024,0.0904550552368164
train,251,train_features_000251.pt,8,1024,0.10075998306274414
train,252,train_features_000252.pt,8,1024,0.09092259407043457
train,253,train_features_000253.pt,8,1024,0.09341216087341309
train,254,train_features_000254.pt,8,1024,0.11347579956054688
train,255,train_features_000255.pt,8,1024,0.09350204467773438
train,256,train_features_000256.pt,8,1024,0.1446542739868164
train,257,train_features_000257.pt,8,1024,0.0935666561126709
train,258,train_features_000258.pt,8,1024,0.1004185676574707
train,259,train_features_000259.pt,8,1024,0.09351634979248047
train,260,train_features_000260.pt,8,1024,0.09063863754272461
train,261,train_features_000261.pt,8,1024,0.09405350685119629
train,262,train_features_000262.pt,8,1024,0.12646985054016113
train,263,train_features_000263.pt,8,1024,0.09312176704406738
train,264,train_features_000264.pt,8,1024,0.0900263786315918
train,265,train_features_000265.pt,8,1024,0.09424805641174316
train,266,train_features_000266.pt,8,1024,0.09081196784973145
train,267,train_features_000267.pt,8,1024,0.09298563003540039
train,268,train_features_000268.pt,8,1024,0.13046717643737793
train,269,train_features_000269.pt,8,1024,0.1404569149017334
train,270,train_features_000270.pt,8,1024,0.09005188941955566
train,271,train_features_000271.pt,8,1024,0.09315729141235352
train,272,train_features_000272.pt,8,1024,0.09003543853759766
train,273,train_features_000273.pt,8,1024,0.09289407730102539
train,274,train_features_000274.pt,8,1024,0.11396384239196777
train,275,train_features_000275.pt,8,1024,0.09290289878845215
train,276,train_features_000276.pt,8,1024,0.13544487953186035
train,277,train_features_000277.pt,8,1024,0.09454345703125
train,278,train_features_000278.pt,8,1024,0.12589550018310547
train,279,train_features_000279.pt,8,1024,0.15084457397460938
train,280,train_features_000280.pt,8,1024,0.0898292064666748
train,281,train_features_000281.pt,8,1024,0.15085744857788086
train,282,train_features_000282.pt,8,1024,0.09524798393249512
train,283,train_features_000283.pt,8,1024,0.11591792106628418
train,284,train_features_000284.pt,8,1024,0.08995676040649414
train,285,train_features_000285.pt,8,1024,0.09337782859802246
train,286,train_features_000286.pt,8,1024,0.09013080596923828
train,287,train_features_000287.pt,8,1024,0.1541903018951416
train,288,train_features_000288.pt,8,1024,0.11552906036376953
train,289,train_features_000289.pt,8,1024,0.1387317180633545
train,290,train_features_000290.pt,8,1024,0.15760254859924316
train,291,train_features_000291.pt,8,1024,0.10235118865966797
train,292,train_features_000292.pt,8,1024,0.09036660194396973
train,293,train_features_000293.pt,8,1024,0.09336113929748535
train,294,train_features_000294.pt,8,1024,0.09026288986206055
train,295,train_features_000295.pt,8,1024,0.09895110130310059
train,296,train_features_000296.pt,8,1024,0.13219738006591797
train,297,train_features_000297.pt,8,1024,0.09697842597961426
train,298,train_features_000298.pt,8,1024,0.09128952026367188
train,299,train_features_000299.pt,8,1024,0.0928795337677002
train,300,train_features_000300.pt,8,1024,0.12187981605529785
train,301,train_features_000301.pt,8,1024,0.14566516876220703
train,302,train_features_000302.pt,8,1024,0.08997821807861328
train,303,train_features_000303.pt,8,1024,0.1423497200012207
train,304,train_features_000304.pt,8,1024,0.1372075080871582
train,305,train_features_000305.pt,8,1024,0.09347176551818848
train,306,train_features_000306.pt,8,1024,0.0935525894165039
train,307,train_features_000307.pt,8,1024,0.09327173233032227
train,308,train_features_000308.pt,8,1024,0.11176705360412598
train,309,train_features_000309.pt,8,1024,0.11565971374511719
train,310,train_features_000310.pt,8,1024,0.11200809478759766
train,311,train_features_000311.pt,8,1024,0.09293484687805176
train,312,train_features_000312.pt,8,1024,0.0900108814239502
train,313,train_features_000313.pt,8,1024,0.11388778686523438
train,314,train_features_000314.pt,8,1024,0.1107931137084961
train,315,train_features_000315.pt,8,1024,0.09291243553161621
train,316,train_features_000316.pt,8,1024,0.09276747703552246
train,317,train_features_000317.pt,8,1024,0.09317159652709961
train,318,train_features_000318.pt,8,1024,0.10790514945983887
train,319,train_features_000319.pt,8,1024,0.09404206275939941
train,320,train_features_000320.pt,8,1024,0.10157537460327148
train,321,train_features_000321.pt,8,1024,0.09296011924743652
train,322,train_features_000322.pt,8,1024,0.12193417549133301
train,323,train_features_000323.pt,8,1024,0.10196423530578613
train,324,train_features_000324.pt,8,1024,0.09237265586853027
train,325,train_features_000325.pt,8,1024,0.11611485481262207
train,326,train_features_000326.pt,8,1024,0.09049153327941895
train,327,train_features_000327.pt,8,1024,0.12417769432067871
train,328,train_features_000328.pt,8,1024,0.14322400093078613
train,329,train_features_000329.pt,8,1024,0.09308075904846191
train,330,train_features_000330.pt,8,1024,0.09471678733825684
train,331,train_features_000331.pt,8,1024,0.10216760635375977
train,332,train_features_000332.pt,8,1024,0.0928189754486084
train,333,train_features_000333.pt,8,1024,0.0994260311126709
train,334,train_features_000334.pt,8,1024,0.0901334285736084
train,335,train_features_000335.pt,8,1024,0.10820865631103516
train,336,train_features_000336.pt,8,1024,0.09046554565429688
train,337,train_features_000337.pt,8,1024,0.0934145450592041
train,338,train_features_000338.pt,8,1024,0.09016084671020508
train,339,train_features_000339.pt,8,1024,0.09322762489318848
train,340,train_features_000340.pt,8,1024,0.09044766426086426
train,341,train_features_000341.pt,8,1024,0.09274053573608398
train,342,train_features_000342.pt,8,1024,0.14428925514221191
train,343,train_features_000343.pt,8,1024,0.0930776596069336
train,344,train_features_000344.pt,8,1024,0.09018540382385254
train,345,train_features_000345.pt,8,1024,0.0929877758026123
train,346,train_features_000346.pt,8,1024,0.09495258331298828
train,347,train_features_000347.pt,8,1024,0.09317469596862793
train,348,train_features_000348.pt,8,1024,0.09021282196044922
train,349,train_features_000349.pt,8,1024,0.11654376983642578
train,350,train_features_000350.pt,8,1024,0.09445595741271973
train,351,train_features_000351.pt,8,1024,0.0929269790649414
train,352,train_features_000352.pt,8,1024,0.09001803398132324
train,353,train_features_000353.pt,8,1024,0.09499716758728027
train,354,train_features_000354.pt,8,1024,0.09009504318237305
train,355,train_features_000355.pt,8,1024,0.09315872192382812
train,356,train_features_000356.pt,8,1024,0.12696433067321777
train,357,train_features_000357.pt,8,1024,0.09833717346191406
train,358,train_features_000358.pt,8,1024,0.09008479118347168
train,359,train_features_000359.pt,8,1024,0.09319472312927246
train,360,train_features_000360.pt,8,1024,0.12411332130432129
train,361,train_features_000361.pt,8,1024,0.1621568202972412
train,362,train_features_000362.pt,8,1024,0.09051299095153809
train,363,train_features_000363.pt,8,1024,0.0929257869720459
train,364,train_features_000364.pt,8,1024,0.09064793586730957
train,365,train_features_000365.pt,8,1024,0.09586930274963379
train,366,train_features_000366.pt,8,1024,0.12688803672790527
train,367,train_features_000367.pt,8,1024,0.14234709739685059
train,368,train_features_000368.pt,8,1024,0.13523244857788086
train,369,train_features_000369.pt,8,1024,0.0930640697479248
train,370,train_features_000370.pt,8,1024,0.09066939353942871
train,371,train_features_000371.pt,8,1024,0.09378647804260254
train,372,train_features_000372.pt,8,1024,0.14047884941101074
train,373,train_features_000373.pt,8,1024,0.09387755393981934
train,374,train_features_000374.pt,8,1024,0.14354324340820312
train,375,train_features_000375.pt,8,1024,0.09354186058044434
train,376,train_features_000376.pt,8,1024,0.09105873107910156
train,377,train_features_000377.pt,8,1024,0.14362597465515137
train,378,train_features_000378.pt,8,1024,0.09039688110351562
train,379,train_features_000379.pt,8,1024,0.11107158660888672
train,380,train_features_000380.pt,8,1024,0.09253597259521484
train,381,train_features_000381.pt,8,1024,0.09308981895446777
train,382,train_features_000382.pt,8,1024,0.12339162826538086
train,383,train_features_000383.pt,8,1024,0.09285235404968262
train,384,train_features_000384.pt,8,1024,0.09048724174499512
train,385,train_features_000385.pt,8,1024,0.14003396034240723
train,386,train_features_000386.pt,8,1024,0.1008443832397461
train,387,train_features_000387.pt,8,1024,0.09318089485168457
train,388,train_features_000388.pt,8,1024,0.12267923355102539
train,389,train_features_000389.pt,8,1024,0.09354496002197266
train,390,train_features_000390.pt,8,1024,0.10069155693054199
train,391,train_features_000391.pt,8,1024,0.10590171813964844
train,392,train_features_000392.pt,8,1024,0.09345769882202148
train,393,train_features_000393.pt,8,1024,0.0943136215209961
train,394,train_features_000394.pt,8,1024,0.09038281440734863
train,395,train_features_000395.pt,8,1024,0.13837695121765137
train,396,train_features_000396.pt,8,1024,0.09093523025512695
train,397,train_features_000397.pt,8,1024,0.0935211181640625
train,398,train_features_000398.pt,8,1024,0.14061641693115234
train,399,train_features_000399.pt,8,1024,0.1413261890411377
train,400,train_features_000400.pt,8,1024,0.13537073135375977
train,401,train_features_000401.pt,8,1024,0.09363937377929688
train,402,train_features_000402.pt,8,1024,0.09963250160217285
train,403,train_features_000403.pt,8,1024,0.11843466758728027
train,404,train_features_000404.pt,8,1024,0.10974955558776855
train,405,train_features_000405.pt,8,1024,0.13575053215026855
train,406,train_features_000406.pt,8,1024,0.08983254432678223
train,407,train_features_000407.pt,8,1024,0.09293723106384277
train,408,train_features_000408.pt,8,1024,0.09038949012756348
train,409,train_features_000409.pt,8,1024,0.11506938934326172
train,410,train_features_000410.pt,8,1024,0.1338498592376709
train,411,train_features_000411.pt,8,1024,0.09328532218933105
train,412,train_features_000412.pt,8,1024,0.1447603702545166
train,413,train_features_000413.pt,8,1024,0.09358406066894531
train,414,train_features_000414.pt,8,1024,0.09036898612976074
train,415,train_features_000415.pt,8,1024,0.09393453598022461
train,416,train_features_000416.pt,8,1024,0.09061646461486816
train,417,train_features_000417.pt,8,1024,0.0939340591430664
train,418,train_features_000418.pt,8,1024,0.12926840782165527
train,419,train_features_000419.pt,8,1024,0.09373855590820312
train,420,train_features_000420.pt,8,1024,0.09016084671020508
train,421,train_features_000421.pt,8,1024,0.11372160911560059
train,422,train_features_000422.pt,8,1024,0.09091448783874512
train,423,train_features_000423.pt,8,1024,0.10409951210021973
train,424,train_features_000424.pt,8,1024,0.10154008865356445
train,425,train_features_000425.pt,8,1024,0.09377288818359375
train,426,train_features_000426.pt,8,1024,0.09153437614440918
train,427,train_features_000427.pt,8,1024,0.11535882949829102
train,428,train_features_000428.pt,8,1024,0.1312253475189209
train,429,train_features_000429.pt,8,1024,0.09336376190185547
train,430,train_features_000430.pt,8,1024,0.13727068901062012
train,431,train_features_000431.pt,8,1024,0.1361072063446045
train,432,train_features_000432.pt,8,1024,0.09097003936767578
train,433,train_features_000433.pt,8,1024,0.09344315528869629
train,434,train_features_000434.pt,8,1024,0.09074282646179199
train,435,train_features_000435.pt,8,1024,0.11516785621643066
train,436,train_features_000436.pt,8,1024,0.0906667709350586
train,437,train_features_000437.pt,8,1024,0.10033464431762695
train,438,train_features_000438.pt,8,1024,0.09082865715026855
train,439,train_features_000439.pt,8,1024,0.13292241096496582
train,440,train_features_000440.pt,8,1024,0.09096145629882812
train,441,train_features_000441.pt,8,1024,0.09362435340881348
train,442,train_features_000442.pt,8,1024,0.09075355529785156
train,443,train_features_000443.pt,8,1024,0.09355926513671875
train,444,train_features_000444.pt,8,1024,0.09819221496582031
train,445,train_features_000445.pt,8,1024,0.09585046768188477
train,446,train_features_000446.pt,8,1024,0.0988922119140625
train,447,train_features_000447.pt,8,1024,0.1202077865600586
train,448,train_features_000448.pt,8,1024,0.0909421443939209
train,449,train_features_000449.pt,8,1024,0.09362602233886719
train,450,train_features_000450.pt,8,1024,0.09513449668884277
train,451,train_features_000451.pt,8,1024,0.09295821189880371
train,452,train_features_000452.pt,8,1024,0.09097909927368164
train,453,train_features_000453.pt,8,1024,0.14977025985717773
train,454,train_features_000454.pt,8,1024,0.09017443656921387
train,455,train_features_000455.pt,8,1024,0.1392381191253662
train,456,train_features_000456.pt,8,1024,0.0905754566192627
train,457,train_features_000457.pt,8,1024,0.09321212768554688
train,458,train_features_000458.pt,8,1024,0.09054899215698242
train,459,train_features_000459.pt,8,1024,0.09311413764953613
train,460,train_features_000460.pt,8,1024,0.13083410263061523
train,461,train_features_000461.pt,8,1024,0.11172795295715332
train,462,train_features_000462.pt,8,1024,0.09022951126098633
train,463,train_features_000463.pt,8,1024,0.09288406372070312
train,464,train_features_000464.pt,8,1024,0.09009218215942383
train,465,train_features_000465.pt,8,1024,0.13969087600708008
train,466,train_features_000466.pt,8,1024,0.09076881408691406
train,467,train_features_000467.pt,8,1024,0.0931234359741211
train,468,train_features_000468.pt,8,1024,0.09045243263244629
train,469,train_features_000469.pt,8,1024,0.09306669235229492
train,470,train_features_000470.pt,8,1024,0.09129691123962402
train,471,train_features_000471.pt,8,1024,0.09275150299072266
train,472,train_features_000472.pt,8,1024,0.09056806564331055
train,473,train_features_000473.pt,8,1024,0.09331107139587402
train,474,train_features_000474.pt,8,1024,0.09112334251403809
train,475,train_features_000475.pt,8,1024,0.09287118911743164
train,476,train_features_000476.pt,8,1024,0.09218144416809082
train,477,train_features_000477.pt,8,1024,0.13371658325195312
train,478,train_features_000478.pt,8,1024,0.09038257598876953
train,479,train_features_000479.pt,8,1024,0.11356878280639648
train,480,train_features_000480.pt,8,1024,0.09091663360595703
train,481,train_features_000481.pt,8,1024,0.09322261810302734
train,482,train_features_000482.pt,8,1024,0.09471392631530762
train,483,train_features_000483.pt,8,1024,0.09294414520263672
train,484,train_features_000484.pt,8,1024,0.09074211120605469
train,485,train_features_000485.pt,8,1024,0.09298872947692871
train,486,train_features_000486.pt,8,1024,0.08996844291687012
train,487,train_features_000487.pt,8,1024,0.0932166576385498
train,488,train_features_000488.pt,8,1024,0.09343147277832031
train,489,train_features_000489.pt,8,1024,0.1483612060546875
train,490,train_features_000490.pt,8,1024,0.09572100639343262
train,491,train_features_000491.pt,8,1024,0.12218165397644043
train,492,train_features_000492.pt,8,1024,0.10047078132629395
train,493,train_features_000493.pt,8,1024,0.1283280849456787
train,494,train_features_000494.pt,8,1024,0.11704754829406738
train,495,train_features_000495.pt,8,1024,0.0966634750366211
train,496,train_features_000496.pt,8,1024,0.08998823165893555
train,497,train_features_000497.pt,8,1024,0.15074968338012695
train,498,train_features_000498.pt,8,1024,0.09021639823913574
train,499,train_features_000499.pt,8,1024,0.14627361297607422
train,500,train_features_000500.pt,8,1024,0.09232354164123535
train,501,train_features_000501.pt,8,1024,0.09312868118286133
train,502,train_features_000502.pt,8,1024,0.11999702453613281
train,503,train_features_000503.pt,8,1024,0.09331035614013672
train,504,train_features_000504.pt,8,1024,0.0910494327545166
train,505,train_features_000505.pt,8,1024,0.09371256828308105
train,506,train_features_000506.pt,8,1024,0.0902869701385498
train,507,train_features_000507.pt,8,1024,0.09339141845703125
train,508,train_features_000508.pt,8,1024,0.1384258270263672
train,509,train_features_000509.pt,8,1024,0.09376215934753418
train,510,train_features_000510.pt,8,1024,0.14353394508361816
train,511,train_features_000511.pt,8,1024,0.09361720085144043
train,512,train_features_000512.pt,8,1024,0.14355015754699707
train,513,train_features_000513.pt,8,1024,0.09329986572265625
train,514,train_features_000514.pt,8,1024,0.12450075149536133
train,515,train_features_000515.pt,8,1024,0.13715219497680664
train,516,train_features_000516.pt,8,1024,0.10815072059631348
train,517,train_features_000517.pt,8,1024,0.09353208541870117
train,518,train_features_000518.pt,8,1024,0.09037613868713379
train,519,train_features_000519.pt,8,1024,0.11483550071716309
train,520,train_features_000520.pt,8,1024,0.09375119209289551
train,521,train_features_000521.pt,8,1024,0.09360122680664062
train,522,train_features_000522.pt,8,1024,0.09160184860229492
train,523,train_features_000523.pt,8,1024,0.11056756973266602
train,524,train_features_000524.pt,8,1024,0.09205198287963867
train,525,train_features_000525.pt,8,1024,0.09296345710754395
train,526,train_features_000526.pt,8,1024,0.11050200462341309
train,527,train_features_000527.pt,8,1024,0.11284470558166504
train,528,train_features_000528.pt,8,1024,0.1163322925567627
train,529,train_features_000529.pt,8,1024,0.09361791610717773
train,530,train_features_000530.pt,8,1024,0.10888004302978516
train,531,train_features_000531.pt,8,1024,0.09354519844055176
train,532,train_features_000532.pt,8,1024,0.09123730659484863
train,533,train_features_000533.pt,8,1024,0.09349751472473145
train,534,train_features_000534.pt,8,1024,0.13658738136291504
train,535,train_features_000535.pt,8,1024,0.13621258735656738
train,536,train_features_000536.pt,8,1024,0.11911416053771973
train,537,train_features_000537.pt,8,1024,0.09599947929382324
train,538,train_features_000538.pt,8,1024,0.09178805351257324
train,539,train_features_000539.pt,8,1024,0.09385561943054199
train,540,train_features_000540.pt,8,1024,0.13022637367248535
train,541,train_features_000541.pt,8,1024,0.09398055076599121
train,542,train_features_000542.pt,8,1024,0.09052872657775879
train,543,train_features_000543.pt,8,1024,0.09783816337585449
train,544,train_features_000544.pt,8,1024,0.1372382640838623
train,545,train_features_000545.pt,8,1024,0.14859414100646973
train,546,train_features_000546.pt,8,1024,0.10515189170837402
train,547,train_features_000547.pt,8,1024,0.09724569320678711
train,548,train_features_000548.pt,8,1024,0.09067201614379883
train,549,train_features_000549.pt,8,1024,0.12301898002624512
train,550,train_features_000550.pt,8,1024,0.09306955337524414
train,551,train_features_000551.pt,8,1024,0.09739851951599121
train,552,train_features_000552.pt,8,1024,0.09066939353942871
train,553,train_features_000553.pt,8,1024,0.09409236907958984
train,554,train_features_000554.pt,8,1024,0.09079217910766602
train,555,train_features_000555.pt,8,1024,0.11386728286743164
train,556,train_features_000556.pt,8,1024,0.09501075744628906
train,557,train_features_000557.pt,8,1024,0.09329485893249512
train,558,train_features_000558.pt,8,1024,0.11577057838439941
train,559,train_features_000559.pt,8,1024,0.11898159980773926
train,560,train_features_000560.pt,8,1024,0.1241455078125
train,561,train_features_000561.pt,8,1024,0.0935659408569336
train,562,train_features_000562.pt,8,1024,0.13975143432617188
train,563,train_features_000563.pt,8,1024,0.09491801261901855
train,564,train_features_000564.pt,8,1024,0.1504671573638916
train,565,train_features_000565.pt,8,1024,0.11497282981872559
train,566,train_features_000566.pt,8,1024,0.1278078556060791
train,567,train_features_000567.pt,8,1024,0.11519074440002441
train,568,train_features_000568.pt,8,1024,0.09504270553588867
train,569,train_features_000569.pt,8,1024,0.09850811958312988
train,570,train_features_000570.pt,8,1024,0.12156248092651367
train,571,train_features_000571.pt,8,1024,0.12907171249389648
train,572,train_features_000572.pt,8,1024,0.1081244945526123
train,573,train_features_000573.pt,8,1024,0.12795662879943848
train,574,train_features_000574.pt,8,1024,0.11552762985229492
train,575,train_features_000575.pt,8,1024,0.12760114669799805
train,576,train_features_000576.pt,8,1024,0.09554862976074219
train,577,train_features_000577.pt,8,1024,0.11519670486450195
train,578,train_features_000578.pt,8,1024,0.09088873863220215
train,579,train_features_000579.pt,8,1024,0.08556962013244629
train,580,train_features_000580.pt,8,1024,0.092193603515625
train,581,train_features_000581.pt,8,1024,0.08541154861450195
train,582,train_features_000582.pt,8,1024,0.09076642990112305
train,583,train_features_000583.pt,8,1024,0.090240478515625
train,584,train_features_000584.pt,8,1024,0.13079237937927246
train,585,train_features_000585.pt,8,1024,0.08535122871398926
train,586,train_features_000586.pt,8,1024,0.09429192543029785
train,587,train_features_000587.pt,8,1024,0.13554859161376953
train,588,train_features_000588.pt,8,1024,0.15523338317871094
train,589,train_features_000589.pt,8,1024,0.0858917236328125
train,590,train_features_000590.pt,8,1024,0.1479201316833496
train,591,train_features_000591.pt,8,1024,0.09380912780761719
train,592,train_features_000592.pt,8,1024,0.1381988525390625
train,593,train_features_000593.pt,8,1024,0.0856163501739502
train,594,train_features_000594.pt,8,1024,0.09121918678283691
train,595,train_features_000595.pt,8,1024,0.09375810623168945
train,596,train_features_000596.pt,8,1024,0.09114718437194824
train,597,train_features_000597.pt,8,1024,0.09900569915771484
train,598,train_features_000598.pt,8,1024,0.09066939353942871
train,599,train_features_000599.pt,8,1024,0.08556866645812988
train,600,train_features_000600.pt,8,1024,0.09543919563293457
train,601,train_features_000601.pt,8,1024,0.1253662109375
train,602,train_features_000602.pt,8,1024,0.09081315994262695
train,603,train_features_000603.pt,8,1024,0.13748979568481445
train,604,train_features_000604.pt,8,1024,0.11328458786010742
train,605,train_features_000605.pt,8,1024,0.12280941009521484
train,606,train_features_000606.pt,8,1024,0.0905449390411377
train,607,train_features_000607.pt,8,1024,0.1259441375732422
train,608,train_features_000608.pt,8,1024,0.1265430450439453
train,609,train_features_000609.pt,8,1024,0.0880730152130127
train,610,train_features_000610.pt,8,1024,0.09041333198547363
train,611,train_features_000611.pt,8,1024,0.13819122314453125
train,612,train_features_000612.pt,8,1024,0.11874675750732422
train,613,train_features_000613.pt,8,1024,0.09305858612060547
train,614,train_features_000614.pt,8,1024,0.09177088737487793
train,615,train_features_000615.pt,8,1024,0.0888829231262207
train,616,train_features_000616.pt,8,1024,0.13426446914672852
train,617,train_features_000617.pt,8,1024,0.08564090728759766
train,618,train_features_000618.pt,8,1024,0.09153509140014648
train,619,train_features_000619.pt,8,1024,0.08835744857788086
train,620,train_features_000620.pt,8,1024,0.10833501815795898
train,621,train_features_000621.pt,8,1024,0.1335582733154297
train,622,train_features_000622.pt,8,1024,0.09120583534240723
train,623,train_features_000623.pt,8,1024,0.1344587802886963
train,624,train_features_000624.pt,8,1024,0.09100151062011719
train,625,train_features_000625.pt,8,1024,0.09383225440979004
train,626,train_features_000626.pt,8,1024,0.11405539512634277
train,627,train_features_000627.pt,8,1024,0.09822654724121094
train,628,train_features_000628.pt,8,1024,0.09148526191711426
train,629,train_features_000629.pt,8,1024,0.08520030975341797
train,630,train_features_000630.pt,8,1024,0.09095072746276855
train,631,train_features_000631.pt,8,1024,0.09334921836853027
train,632,train_features_000632.pt,8,1024,0.14534544944763184
train,633,train_features_000633.pt,8,1024,0.0860285758972168
train,634,train_features_000634.pt,8,1024,0.09766697883605957
train,635,train_features_000635.pt,8,1024,0.09560847282409668
train,636,train_features_000636.pt,8,1024,0.11514759063720703
train,637,train_features_000637.pt,8,1024,0.09874343872070312
train,638,train_features_000638.pt,8,1024,0.0921471118927002
train,639,train_features_000639.pt,8,1024,0.08685731887817383
train,640,train_features_000640.pt,8,1024,0.09107160568237305
train,641,train_features_000641.pt,8,1024,0.09466981887817383
train,642,train_features_000642.pt,8,1024,0.09241008758544922
train,643,train_features_000643.pt,8,1024,0.08576464653015137
train,644,train_features_000644.pt,8,1024,0.1432490348815918
train,645,train_features_000645.pt,8,1024,0.09327507019042969
train,646,train_features_000646.pt,8,1024,0.09058976173400879
train,647,train_features_000647.pt,8,1024,0.11064600944519043
train,648,train_features_000648.pt,8,1024,0.11991286277770996
train,649,train_features_000649.pt,8,1024,0.13843393325805664
train,650,train_features_000650.pt,8,1024,0.15365362167358398
train,651,train_features_000651.pt,8,1024,0.08569884300231934
train,652,train_features_000652.pt,8,1024,0.11087918281555176
train,653,train_features_000653.pt,8,1024,0.09374403953552246
train,654,train_features_000654.pt,8,1024,0.09074044227600098
train,655,train_features_000655.pt,8,1024,0.09609580039978027
train,656,train_features_000656.pt,8,1024,0.09175872802734375
train,657,train_features_000657.pt,8,1024,0.09397101402282715
train,658,train_features_000658.pt,8,1024,0.11043691635131836
train,659,train_features_000659.pt,8,1024,0.08638525009155273
train,660,train_features_000660.pt,8,1024,0.13361334800720215
train,661,train_features_000661.pt,8,1024,0.0859076976776123
train,662,train_features_000662.pt,8,1024,0.09944677352905273
train,663,train_features_000663.pt,8,1024,0.08733010292053223
train,664,train_features_000664.pt,8,1024,0.09087371826171875
train,665,train_features_000665.pt,8,1024,0.08629298210144043
train,666,train_features_000666.pt,8,1024,0.09265017509460449
train,667,train_features_000667.pt,8,1024,0.0863490104675293
train,668,train_features_000668.pt,8,1024,0.09067964553833008
train,669,train_features_000669.pt,8,1024,0.0939493179321289
train,670,train_features_000670.pt,8,1024,0.0904996395111084
train,671,train_features_000671.pt,8,1024,0.11629247665405273
train,672,train_features_000672.pt,8,1024,0.11742043495178223
train,673,train_features_000673.pt,8,1024,0.09382271766662598
train,674,train_features_000674.pt,8,1024,0.11814045906066895
train,675,train_features_000675.pt,8,1024,0.08690190315246582
train,676,train_features_000676.pt,8,1024,0.09938812255859375
train,677,train_features_000677.pt,8,1024,0.0860280990600586
train,678,train_features_000678.pt,8,1024,0.09079599380493164
train,679,train_features_000679.pt,8,1024,0.08740735054016113
train,680,train_features_000680.pt,8,1024,0.11866259574890137
train,681,train_features_000681.pt,8,1024,0.10154247283935547
train,682,train_features_000682.pt,8,1024,0.09110450744628906
train,683,train_features_000683.pt,8,1024,0.09039664268493652
train,684,train_features_000684.pt,8,1024,0.09036755561828613
train,685,train_features_000685.pt,8,1024,0.11402702331542969
train,686,train_features_000686.pt,8,1024,0.09481930732727051
train,687,train_features_000687.pt,8,1024,0.13304519653320312
train,688,train_features_000688.pt,8,1024,0.09998035430908203
train,689,train_features_000689.pt,8,1024,0.13933801651000977
train,690,train_features_000690.pt,8,1024,0.13782548904418945
train,691,train_features_000691.pt,8,1024,0.13294076919555664
train,692,train_features_000692.pt,8,1024,0.09162163734436035
train,693,train_features_000693.pt,8,1024,0.08569478988647461
train,694,train_features_000694.pt,8,1024,0.14343023300170898
train,695,train_features_000695.pt,8,1024,0.08572840690612793
train,696,train_features_000696.pt,8,1024,0.09170055389404297
train,697,train_features_000697.pt,8,1024,0.0857703685760498
train,698,train_features_000698.pt,8,1024,0.14221763610839844
train,699,train_features_000699.pt,8,1024,0.09364771842956543
train,700,train_features_000700.pt,8,1024,0.09219908714294434
train,701,train_features_000701.pt,8,1024,0.09383869171142578
train,702,train_features_000702.pt,8,1024,0.09095287322998047
train,703,train_features_000703.pt,8,1024,0.1358654499053955
train,704,train_features_000704.pt,8,1024,0.09115409851074219
train,705,train_features_000705.pt,8,1024,0.09026122093200684
train,706,train_features_000706.pt,8,1024,0.1514575481414795
train,707,train_features_000707.pt,8,1024,0.08589792251586914
train,708,train_features_000708.pt,8,1024,0.0957326889038086
train,709,train_features_000709.pt,8,1024,0.09124183654785156
train,710,train_features_000710.pt,8,1024,0.0903940200805664
train,711,train_features_000711.pt,8,1024,0.08612537384033203
train,712,train_features_000712.pt,8,1024,0.09052062034606934
train,713,train_features_000713.pt,8,1024,0.11704516410827637
train,714,train_features_000714.pt,8,1024,0.09000372886657715
train,715,train_features_000715.pt,8,1024,0.16087913513183594
train,716,train_features_000716.pt,8,1024,0.0978081226348877
train,717,train_features_000717.pt,8,1024,0.09376931190490723
train,718,train_features_000718.pt,8,1024,0.10273027420043945
train,719,train_features_000719.pt,8,1024,0.09372353553771973
train,720,train_features_000720.pt,8,1024,0.12491250038146973
train,721,train_features_000721.pt,8,1024,0.12230372428894043
train,722,train_features_000722.pt,8,1024,0.09172606468200684
train,723,train_features_000723.pt,8,1024,0.08664464950561523
train,724,train_features_000724.pt,8,1024,0.10471940040588379
train,725,train_features_000725.pt,8,1024,0.08713674545288086
train,726,train_features_000726.pt,8,1024,0.09562849998474121
train,727,train_features_000727.pt,8,1024,0.09409093856811523
train,728,train_features_000728.pt,8,1024,0.09045529365539551
train,729,train_features_000729.pt,8,1024,0.13964152336120605
train,730,train_features_000730.pt,8,1024,0.09057259559631348
train,731,train_features_000731.pt,8,1024,0.09430193901062012
train,732,train_features_000732.pt,8,1024,0.0898904800415039
train,733,train_features_000733.pt,8,1024,0.09506821632385254
train,734,train_features_000734.pt,8,1024,0.09016847610473633
train,735,train_features_000735.pt,8,1024,0.09354376792907715
train,736,train_features_000736.pt,8,1024,0.13312935829162598
train,737,train_features_000737.pt,8,1024,0.09401392936706543
train,738,train_features_000738.pt,8,1024,0.09058666229248047
train,739,train_features_000739.pt,8,1024,0.0933229923248291
train,740,train_features_000740.pt,8,1024,0.09044504165649414
train,741,train_features_000741.pt,8,1024,0.09408307075500488
train,742,train_features_000742.pt,8,1024,0.0973672866821289
train,743,train_features_000743.pt,8,1024,0.12706780433654785
train,744,train_features_000744.pt,8,1024,0.0908055305480957
train,745,train_features_000745.pt,8,1024,0.13302135467529297
train,746,train_features_000746.pt,8,1024,0.09172725677490234
train,747,train_features_000747.pt,8,1024,0.09356141090393066
train,748,train_features_000748.pt,8,1024,0.09028267860412598
train,749,train_features_000749.pt,8,1024,0.09338521957397461
train,750,train_features_000750.pt,8,1024,0.09084534645080566
train,751,train_features_000751.pt,8,1024,0.09310722351074219
train,752,train_features_000752.pt,8,1024,0.12052226066589355
train,753,train_features_000753.pt,8,1024,0.0857994556427002
train,754,train_features_000754.pt,8,1024,0.1279900074005127
train,755,train_features_000755.pt,8,1024,0.1437690258026123
train,756,train_features_000756.pt,8,1024,0.09078812599182129
train,757,train_features_000757.pt,8,1024,0.10192060470581055
train,758,train_features_000758.pt,8,1024,0.10592007637023926
train,759,train_features_000759.pt,8,1024,0.13915777206420898
train,760,train_features_000760.pt,8,1024,0.09114956855773926
train,761,train_features_000761.pt,8,1024,0.12263226509094238
train,762,train_features_000762.pt,8,1024,0.0921487808227539
train,763,train_features_000763.pt,8,1024,0.08614683151245117
train,764,train_features_000764.pt,8,1024,0.09285855293273926
train,765,train_features_000765.pt,8,1024,0.10775995254516602
train,766,train_features_000766.pt,8,1024,0.09130358695983887
train,767,train_features_000767.pt,8,1024,0.0936746597290039
train,768,train_features_000768.pt,8,1024,0.091461181640625
train,769,train_features_000769.pt,8,1024,0.09496331214904785
train,770,train_features_000770.pt,8,1024,0.09052395820617676
train,771,train_features_000771.pt,8,1024,0.12182068824768066
train,772,train_features_000772.pt,8,1024,0.09462451934814453
train,773,train_features_000773.pt,8,1024,0.11753201484680176
train,774,train_features_000774.pt,8,1024,0.14381980895996094
train,775,train_features_000775.pt,8,1024,0.09733057022094727
train,776,train_features_000776.pt,8,1024,0.09133315086364746
train,777,train_features_000777.pt,8,1024,0.0859372615814209
train,778,train_features_000778.pt,8,1024,0.089874267578125
train,779,train_features_000779.pt,8,1024,0.09171128273010254
train,780,train_features_000780.pt,8,1024,0.1105339527130127
train,781,train_features_000781.pt,8,1024,0.09514904022216797
train,782,train_features_000782.pt,8,1024,0.0908055305480957
train,783,train_features_000783.pt,8,1024,0.09433507919311523
train,784,train_features_000784.pt,8,1024,0.09076499938964844
train,785,train_features_000785.pt,8,1024,0.1242685317993164
train,786,train_features_000786.pt,8,1024,0.12578892707824707
train,787,train_features_000787.pt,8,1024,0.09438109397888184
train,788,train_features_000788.pt,8,1024,0.09189367294311523
train,789,train_features_000789.pt,8,1024,0.09457778930664062
train,790,train_features_000790.pt,8,1024,0.09125828742980957
train,791,train_features_000791.pt,8,1024,0.1041707992553711
train,792,train_features_000792.pt,8,1024,0.12965750694274902
train,793,train_features_000793.pt,8,1024,0.09354186058044434
train,794,train_features_000794.pt,8,1024,0.12585973739624023
train,795,train_features_000795.pt,8,1024,0.1252446174621582
train,796,train_features_000796.pt,8,1024,0.09101223945617676
train,797,train_features_000797.pt,8,1024,0.14583039283752441
train,798,train_features_000798.pt,8,1024,0.0925133228302002
train,799,train_features_000799.pt,8,1024,0.13188385963439941
train,800,train_features_000800.pt,8,1024,0.0928335189819336
train,801,train_features_000801.pt,8,1024,0.13689541816711426
train,802,train_features_000802.pt,8,1024,0.15272116661071777
train,803,train_features_000803.pt,8,1024,0.09423971176147461
train,804,train_features_000804.pt,8,1024,0.09107398986816406
train,805,train_features_000805.pt,8,1024,0.09387516975402832
train,806,train_features_000806.pt,8,1024,0.1277308464050293
train,807,train_features_000807.pt,8,1024,0.12158060073852539
train,808,train_features_000808.pt,8,1024,0.09122395515441895
train,809,train_features_000809.pt,8,1024,0.08564186096191406
train,810,train_features_000810.pt,8,1024,0.11711955070495605
train,811,train_features_000811.pt,8,1024,0.08561301231384277
train,812,train_features_000812.pt,8,1024,0.09585070610046387
train,813,train_features_000813.pt,8,1024,0.08788061141967773
train,814,train_features_000814.pt,8,1024,0.12351655960083008
train,815,train_features_000815.pt,8,1024,0.08673977851867676
train,816,train_features_000816.pt,8,1024,0.0898275375366211
train,817,train_features_000817.pt,8,1024,0.08575749397277832
train,818,train_features_000818.pt,8,1024,0.09016084671020508
train,819,train_features_000819.pt,8,1024,0.08611464500427246
train,820,train_features_000820.pt,8,1024,0.09018158912658691
train,821,train_features_000821.pt,8,1024,0.09692502021789551
train,822,train_features_000822.pt,8,1024,0.09279680252075195
train,823,train_features_000823.pt,8,1024,0.09338879585266113
train,824,train_features_000824.pt,8,1024,0.09060859680175781
train,825,train_features_000825.pt,8,1024,0.09499406814575195
train,826,train_features_000826.pt,8,1024,0.09413290023803711
train,827,train_features_000827.pt,8,1024,0.12893342971801758
train,828,train_features_000828.pt,8,1024,0.09387040138244629
train,829,train_features_000829.pt,8,1024,0.1121368408203125
train,830,train_features_000830.pt,8,1024,0.0908057689666748
train,831,train_features_000831.pt,8,1024,0.10042190551757812
train,832,train_features_000832.pt,8,1024,0.12399578094482422
train,833,train_features_000833.pt,8,1024,0.1522219181060791
train,834,train_features_000834.pt,8,1024,0.09309673309326172
train,835,train_features_000835.pt,8,1024,0.12151646614074707
train,836,train_features_000836.pt,8,1024,0.09203529357910156
train,837,train_features_000837.pt,8,1024,0.12167072296142578
train,838,train_features_000838.pt,8,1024,0.1048583984375
train,839,train_features_000839.pt,8,1024,0.08606457710266113
train,840,train_features_000840.pt,8,1024,0.09127593040466309
train,841,train_features_000841.pt,8,1024,0.0936276912689209
train,842,train_features_000842.pt,8,1024,0.09136819839477539
train,843,train_features_000843.pt,8,1024,0.09538745880126953
train,844,train_features_000844.pt,8,1024,0.09187984466552734
train,845,train_features_000845.pt,8,1024,0.1305220127105713
train,846,train_features_000846.pt,8,1024,0.1435408592224121
train,847,train_features_000847.pt,8,1024,0.1362900733947754
train,848,train_features_000848.pt,8,1024,0.09305477142333984
train,849,train_features_000849.pt,8,1024,0.14094090461730957
train,850,train_features_000850.pt,8,1024,0.09014248847961426
train,851,train_features_000851.pt,8,1024,0.09381604194641113
train,852,train_features_000852.pt,8,1024,0.10062026977539062
train,853,train_features_000853.pt,8,1024,0.09748411178588867
train,854,train_features_000854.pt,8,1024,0.11571621894836426
train,855,train_features_000855.pt,8,1024,0.0937051773071289
train,856,train_features_000856.pt,8,1024,0.09041023254394531
train,857,train_features_000857.pt,8,1024,0.09407210350036621
train,858,train_features_000858.pt,8,1024,0.09057044982910156
train,859,train_features_000859.pt,8,1024,0.13598895072937012
train,860,train_features_000860.pt,8,1024,0.08963394165039062
train,861,train_features_000861.pt,8,1024,0.12818360328674316
train,862,train_features_000862.pt,8,1024,0.09296512603759766
train,863,train_features_000863.pt,8,1024,0.08735251426696777
train,864,train_features_000864.pt,8,1024,0.09507322311401367
train,865,train_features_000865.pt,8,1024,0.09352493286132812
train,866,train_features_000866.pt,8,1024,0.0961611270904541
train,867,train_features_000867.pt,8,1024,0.09331202507019043
train,868,train_features_000868.pt,8,1024,0.12570548057556152
train,869,train_features_000869.pt,8,1024,0.09349489212036133
train,870,train_features_000870.pt,8,1024,0.11458587646484375
train,871,train_features_000871.pt,8,1024,0.09369111061096191
train,872,train_features_000872.pt,8,1024,0.1277942657470703
train,873,train_features_000873.pt,8,1024,0.08664393424987793
train,874,train_features_000874.pt,8,1024,0.09183621406555176
train,875,train_features_000875.pt,8,1024,0.08595752716064453
train,876,train_features_000876.pt,8,1024,0.11360645294189453
train,877,train_features_000877.pt,8,1024,0.09713268280029297
train,878,train_features_000878.pt,8,1024,0.11871170997619629
train,879,train_features_000879.pt,8,1024,0.14073753356933594
train,880,train_features_000880.pt,8,1024,0.0905768871307373
train,881,train_features_000881.pt,8,1024,0.09566855430603027
train,882,train_features_000882.pt,8,1024,0.09056568145751953
train,883,train_features_000883.pt,8,1024,0.0889430046081543
train,884,train_features_000884.pt,8,1024,0.12671303749084473
train,885,train_features_000885.pt,8,1024,0.10269379615783691
train,886,train_features_000886.pt,8,1024,0.11438488960266113
train,887,train_features_000887.pt,8,1024,0.10407757759094238
train,888,train_features_000888.pt,8,1024,0.09064173698425293
train,889,train_features_000889.pt,8,1024,0.13208699226379395
train,890,train_features_000890.pt,8,1024,0.1370105743408203
train,891,train_features_000891.pt,8,1024,0.0935964584350586
train,892,train_features_000892.pt,8,1024,0.09548592567443848
train,893,train_features_000893.pt,8,1024,0.09360432624816895
train,894,train_features_000894.pt,8,1024,0.11963915824890137
train,895,train_features_000895.pt,8,1024,0.12961673736572266
train,896,train_features_000896.pt,8,1024,0.09091353416442871
train,897,train_features_000897.pt,8,1024,0.10774445533752441
train,898,train_features_000898.pt,8,1024,0.09049725532531738
train,899,train_features_000899.pt,8,1024,0.14057707786560059
train,900,train_features_000900.pt,8,1024,0.09551763534545898
train,901,train_features_000901.pt,8,1024,0.09070229530334473
train,902,train_features_000902.pt,8,1024,0.09578418731689453
train,903,train_features_000903.pt,8,1024,0.09369564056396484
train,904,train_features_000904.pt,8,1024,0.14562416076660156
train,905,train_features_000905.pt,8,1024,0.09397506713867188
train,906,train_features_000906.pt,8,1024,0.09839200973510742
train,907,train_features_000907.pt,8,1024,0.09986662864685059
train,908,train_features_000908.pt,8,1024,0.09087228775024414
train,909,train_features_000909.pt,8,1024,0.14254117012023926
train,910,train_features_000910.pt,8,1024,0.09036803245544434
train,911,train_features_000911.pt,8,1024,0.09350943565368652
train,912,train_features_000912.pt,8,1024,0.09019184112548828
train,913,train_features_000913.pt,8,1024,0.12391042709350586
train,914,train_features_000914.pt,8,1024,0.09081172943115234
train,915,train_features_000915.pt,8,1024,0.09601521492004395
train,916,train_features_000916.pt,8,1024,0.09504079818725586
train,917,train_features_000917.pt,8,1024,0.09426283836364746
train,918,train_features_000918.pt,8,1024,0.09089136123657227
train,919,train_features_000919.pt,8,1024,0.1426548957824707
train,920,train_features_000920.pt,8,1024,0.09083151817321777
train,921,train_features_000921.pt,8,1024,0.09832239151000977
train,922,train_features_000922.pt,8,1024,0.09088397026062012
train,923,train_features_000923.pt,8,1024,0.09345364570617676
train,924,train_features_000924.pt,8,1024,0.09108138084411621
train,925,train_features_000925.pt,8,1024,0.09365701675415039
train,926,train_features_000926.pt,8,1024,0.09124207496643066
train,927,train_features_000927.pt,8,1024,0.12868452072143555
train,928,train_features_000928.pt,8,1024,0.10847282409667969
train,929,train_features_000929.pt,8,1024,0.10276460647583008
train,930,train_features_000930.pt,8,1024,0.1339256763458252
train,931,train_features_000931.pt,8,1024,0.09374737739562988
train,932,train_features_000932.pt,8,1024,0.09183883666992188
train,933,train_features_000933.pt,8,1024,0.0945439338684082
train,934,train_features_000934.pt,8,1024,0.1210935115814209
train,935,train_features_000935.pt,8,1024,0.08611512184143066
train,936,train_features_000936.pt,8,1024,0.09103512763977051
train,937,train_features_000937.pt,8,1024,0.14322400093078613
train,938,train_features_000938.pt,8,1024,0.11371326446533203
train,939,train_features_000939.pt,8,1024,0.09396481513977051
train,940,train_features_000940.pt,8,1024,0.09195804595947266
train,941,train_features_000941.pt,8,1024,0.09402060508728027
train,942,train_features_000942.pt,8,1024,0.08980107307434082
train,943,train_features_000943.pt,8,1024,0.09336066246032715
train,944,train_features_000944.pt,8,1024,0.09454798698425293
train,945,train_features_000945.pt,8,1024,0.0941770076751709
train,946,train_features_000946.pt,8,1024,0.09167027473449707
train,947,train_features_000947.pt,8,1024,0.14400744438171387
train,948,train_features_000948.pt,8,1024,0.11884284019470215
train,949,train_features_000949.pt,8,1024,0.09339165687561035
train,950,train_features_000950.pt,8,1024,0.10332226753234863
train,951,train_features_000951.pt,8,1024,0.09391450881958008
train,952,train_features_000952.pt,8,1024,0.11325573921203613
train,953,train_features_000953.pt,8,1024,0.10954141616821289
train,954,train_features_000954.pt,8,1024,0.09047245979309082
train,955,train_features_000955.pt,8,1024,0.09714651107788086
train,956,train_features_000956.pt,8,1024,0.12362909317016602
train,957,train_features_000957.pt,8,1024,0.09348058700561523
train,958,train_features_000958.pt,8,1024,0.1467905044555664
train,959,train_features_000959.pt,8,1024,0.0937948226928711
train,960,train_features_000960.pt,8,1024,0.09979557991027832
train,961,train_features_000961.pt,8,1024,0.09356975555419922
train,962,train_features_000962.pt,8,1024,0.09110164642333984
train,963,train_features_000963.pt,8,1024,0.09373021125793457
train,964,train_features_000964.pt,8,1024,0.09077572822570801
train,965,train_features_000965.pt,8,1024,0.1287238597869873
train,966,train_features_000966.pt,8,1024,0.09057736396789551
train,967,train_features_000967.pt,8,1024,0.09381651878356934
train,968,train_features_000968.pt,8,1024,0.09049773216247559
train,969,train_features_000969.pt,8,1024,0.12810349464416504
train,970,train_features_000970.pt,8,1024,0.11965084075927734
train,971,train_features_000971.pt,8,1024,0.11146092414855957
train,972,train_features_000972.pt,8,1024,0.09082341194152832
train,973,train_features_000973.pt,8,1024,0.09336233139038086
train,974,train_features_000974.pt,8,1024,0.09087824821472168
train,975,train_features_000975.pt,8,1024,0.09379434585571289
train,976,train_features_000976.pt,8,1024,0.09319567680358887
train,977,train_features_000977.pt,8,1024,0.12215423583984375
train,978,train_features_000978.pt,8,1024,0.09277653694152832
train,979,train_features_000979.pt,8,1024,0.0941920280456543
train,980,train_features_000980.pt,8,1024,0.09060907363891602
train,981,train_features_000981.pt,8,1024,0.13493657112121582
train,982,train_features_000982.pt,8,1024,0.09095621109008789
train,983,train_features_000983.pt,8,1024,0.0892949104309082
train,984,train_features_000984.pt,8,1024,0.11423039436340332
train,985,train_features_000985.pt,8,1024,0.08588504791259766
train,986,train_features_000986.pt,8,1024,0.09075522422790527
train,987,train_features_000987.pt,8,1024,0.09291744232177734
train,988,train_features_000988.pt,8,1024,0.0921487808227539
train,989,train_features_000989.pt,8,1024,0.08560037612915039
train,990,train_features_000990.pt,8,1024,0.12455296516418457
train,991,train_features_000991.pt,8,1024,0.0872049331665039
train,992,train_features_000992.pt,8,1024,0.09075379371643066
train,993,train_features_000993.pt,8,1024,0.11201667785644531
train,994,train_features_000994.pt,8,1024,0.11532068252563477
train,995,train_features_000995.pt,8,1024,0.09829306602478027
train,996,train_features_000996.pt,8,1024,0.1498703956604004
train,997,train_features_000997.pt,8,1024,0.09408068656921387
train,998,train_features_000998.pt,8,1024,0.09005260467529297
train,999,train_features_000999.pt,8,1024,0.12219905853271484
train,1000,train_features_001000.pt,8,1024,0.0962228775024414
train,1001,train_features_001001.pt,8,1024,0.1126108169555664
train,1002,train_features_001002.pt,8,1024,0.1273794174194336
train,1003,train_features_001003.pt,8,1024,0.09385323524475098
train,1004,train_features_001004.pt,8,1024,0.09502768516540527
train,1005,train_features_001005.pt,8,1024,0.11715841293334961
train,1006,train_features_001006.pt,8,1024,0.08988523483276367
train,1007,train_features_001007.pt,8,1024,0.10529494285583496
train,1008,train_features_001008.pt,8,1024,0.09031820297241211
train,1009,train_features_001009.pt,8,1024,0.09292340278625488
train,1010,train_features_001010.pt,8,1024,0.09092974662780762
train,1011,train_features_001011.pt,8,1024,0.10390353202819824
train,1012,train_features_001012.pt,8,1024,0.09008383750915527
train,1013,train_features_001013.pt,8,1024,0.09313249588012695
train,1014,train_features_001014.pt,8,1024,0.11903190612792969
train,1015,train_features_001015.pt,8,1024,0.09865450859069824
train,1016,train_features_001016.pt,8,1024,0.08976006507873535
train,1017,train_features_001017.pt,8,1024,0.08551573753356934
train,1018,train_features_001018.pt,8,1024,0.08865904808044434
train,1019,train_features_001019.pt,8,1024,0.13089466094970703
train,1020,train_features_001020.pt,8,1024,0.0905599594116211
train,1021,train_features_001021.pt,8,1024,0.13765358924865723
train,1022,train_features_001022.pt,8,1024,0.11468219757080078
train,1023,train_features_001023.pt,8,1024,0.11186647415161133
train,1024,train_features_001024.pt,8,1024,0.09074664115905762
train,1025,train_features_001025.pt,8,1024,0.09730219841003418
train,1026,train_features_001026.pt,8,1024,0.09072732925415039
train,1027,train_features_001027.pt,8,1024,0.14637112617492676
train,1028,train_features_001028.pt,8,1024,0.09035634994506836
train,1029,train_features_001029.pt,8,1024,0.10752010345458984
train,1030,train_features_001030.pt,8,1024,0.12246918678283691
train,1031,train_features_001031.pt,8,1024,0.09978723526000977
train,1032,train_features_001032.pt,8,1024,0.09034419059753418
train,1033,train_features_001033.pt,8,1024,0.10404491424560547
train,1034,train_features_001034.pt,8,1024,0.09548568725585938
train,1035,train_features_001035.pt,8,1024,0.09914040565490723
train,1036,train_features_001036.pt,8,1024,0.12036013603210449
train,1037,train_features_001037.pt,8,1024,0.15680861473083496
train,1038,train_features_001038.pt,8,1024,0.09056830406188965
train,1039,train_features_001039.pt,8,1024,0.09453892707824707
train,1040,train_features_001040.pt,8,1024,0.14210152626037598
train,1041,train_features_001041.pt,8,1024,0.11237478256225586
train,1042,train_features_001042.pt,8,1024,0.09070467948913574
train,1043,train_features_001043.pt,8,1024,0.09372448921203613
train,1044,train_features_001044.pt,8,1024,0.16187524795532227
train,1045,train_features_001045.pt,8,1024,0.0935065746307373
train,1046,train_features_001046.pt,8,1024,0.11243581771850586
train,1047,train_features_001047.pt,8,1024,0.11226892471313477
train,1048,train_features_001048.pt,8,1024,0.09065556526184082
train,1049,train_features_001049.pt,8,1024,0.09708595275878906
train,1050,train_features_001050.pt,8,1024,0.10591530799865723
train,1051,train_features_001051.pt,8,1024,0.13931822776794434
train,1052,train_features_001052.pt,8,1024,0.15129852294921875
train,1053,train_features_001053.pt,8,1024,0.09421753883361816
train,1054,train_features_001054.pt,8,1024,0.09089541435241699
train,1055,train_features_001055.pt,8,1024,0.0937509536743164
train,1056,train_features_001056.pt,8,1024,0.09196877479553223
train,1057,train_features_001057.pt,8,1024,0.10614585876464844
train,1058,train_features_001058.pt,8,1024,0.09221148490905762
train,1059,train_features_001059.pt,8,1024,0.09369134902954102
train,1060,train_features_001060.pt,8,1024,0.09017133712768555
train,1061,train_features_001061.pt,8,1024,0.10048413276672363
train,1062,train_features_001062.pt,8,1024,0.1292569637298584
train,1063,train_features_001063.pt,8,1024,0.10486268997192383
train,1064,train_features_001064.pt,8,1024,0.09654617309570312
train,1065,train_features_001065.pt,8,1024,0.11600804328918457
train,1066,train_features_001066.pt,8,1024,0.1264791488647461
train,1067,train_features_001067.pt,8,1024,0.09366869926452637
train,1068,train_features_001068.pt,8,1024,0.14459466934204102
train,1069,train_features_001069.pt,8,1024,0.09860348701477051
train,1070,train_features_001070.pt,8,1024,0.09064793586730957
train,1071,train_features_001071.pt,8,1024,0.09403324127197266
train,1072,train_features_001072.pt,8,1024,0.09098410606384277
train,1073,train_features_001073.pt,8,1024,0.09370279312133789
train,1074,train_features_001074.pt,8,1024,0.13736701011657715
train,1075,train_features_001075.pt,8,1024,0.13993430137634277
train,1076,train_features_001076.pt,8,1024,0.09180831909179688
train,1077,train_features_001077.pt,8,1024,0.09365248680114746
train,1078,train_features_001078.pt,8,1024,0.09043526649475098
train,1079,train_features_001079.pt,8,1024,0.12061572074890137
train,1080,train_features_001080.pt,8,1024,0.09071516990661621
train,1081,train_features_001081.pt,8,1024,0.09437084197998047
train,1082,train_features_001082.pt,8,1024,0.09180259704589844
train,1083,train_features_001083.pt,8,1024,0.0918116569519043
train,1084,train_features_001084.pt,8,1024,0.09122037887573242
train,1085,train_features_001085.pt,8,1024,0.1544508934020996
train,1086,train_features_001086.pt,8,1024,0.09032893180847168
train,1087,train_features_001087.pt,8,1024,0.09360337257385254
train,1088,train_features_001088.pt,8,1024,0.09062910079956055
train,1089,train_features_001089.pt,8,1024,0.09355425834655762
train,1090,train_features_001090.pt,8,1024,0.09015035629272461
train,1091,train_features_001091.pt,8,1024,0.10960721969604492
train,1092,train_features_001092.pt,8,1024,0.10776138305664062
train,1093,train_features_001093.pt,8,1024,0.10347557067871094
train,1094,train_features_001094.pt,8,1024,0.10372257232666016
train,1095,train_features_001095.pt,8,1024,0.0928959846496582
train,1096,train_features_001096.pt,8,1024,0.09348320960998535
train,1097,train_features_001097.pt,8,1024,0.11775755882263184
train,1098,train_features_001098.pt,8,1024,0.09052157402038574
train,1099,train_features_001099.pt,8,1024,0.09409570693969727
train,1100,train_features_001100.pt,8,1024,0.12511610984802246
train,1101,train_features_001101.pt,8,1024,0.0957345962524414
train,1102,train_features_001102.pt,8,1024,0.13245081901550293
train,1103,train_features_001103.pt,8,1024,0.09344315528869629
train,1104,train_features_001104.pt,8,1024,0.09073376655578613
train,1105,train_features_001105.pt,8,1024,0.09412574768066406
train,1106,train_features_001106.pt,8,1024,0.0922536849975586
train,1107,train_features_001107.pt,8,1024,0.09769058227539062
train,1108,train_features_001108.pt,8,1024,0.09068989753723145
train,1109,train_features_001109.pt,8,1024,0.09347748756408691
train,1110,train_features_001110.pt,8,1024,0.09286952018737793
train,1111,train_features_001111.pt,8,1024,0.09377098083496094
train,1112,train_features_001112.pt,8,1024,0.09092259407043457
train,1113,train_features_001113.pt,8,1024,0.11655068397521973
train,1114,train_features_001114.pt,8,1024,0.15504860877990723
train,1115,train_features_001115.pt,8,1024,0.0934455394744873
train,1116,train_features_001116.pt,8,1024,0.09060478210449219
train,1117,train_features_001117.pt,8,1024,0.0938425064086914
train,1118,train_features_001118.pt,8,1024,0.09048032760620117
train,1119,train_features_001119.pt,8,1024,0.09340572357177734
train,1120,train_features_001120.pt,8,1024,0.09307575225830078
train,1121,train_features_001121.pt,8,1024,0.09397506713867188
train,1122,train_features_001122.pt,8,1024,0.11835145950317383
train,1123,train_features_001123.pt,8,1024,0.09358429908752441
train,1124,train_features_001124.pt,8,1024,0.09070301055908203
train,1125,train_features_001125.pt,8,1024,0.09366250038146973
train,1126,train_features_001126.pt,8,1024,0.1313478946685791
train,1127,train_features_001127.pt,8,1024,0.10371088981628418
train,1128,train_features_001128.pt,8,1024,0.12616586685180664
train,1129,train_features_001129.pt,8,1024,0.08580803871154785
train,1130,train_features_001130.pt,8,1024,0.09099364280700684
train,1131,train_features_001131.pt,8,1024,0.13431382179260254
train,1132,train_features_001132.pt,8,1024,0.1136319637298584
train,1133,train_features_001133.pt,8,1024,0.13476014137268066
train,1134,train_features_001134.pt,8,1024,0.09494709968566895
train,1135,train_features_001135.pt,8,1024,0.10225105285644531
train,1136,train_features_001136.pt,8,1024,0.09216570854187012
train,1137,train_features_001137.pt,8,1024,0.0859529972076416
train,1138,train_features_001138.pt,8,1024,0.14554929733276367
train,1139,train_features_001139.pt,8,1024,0.14030075073242188
train,1140,train_features_001140.pt,8,1024,0.09105849266052246
train,1141,train_features_001141.pt,8,1024,0.0973668098449707
train,1142,train_features_001142.pt,8,1024,0.10194587707519531
train,1143,train_features_001143.pt,8,1024,0.09329509735107422
train,1144,train_features_001144.pt,8,1024,0.12001514434814453
train,1145,train_features_001145.pt,8,1024,0.09360527992248535
train,1146,train_features_001146.pt,8,1024,0.13167142868041992
train,1147,train_features_001147.pt,8,1024,0.0938873291015625
train,1148,train_features_001148.pt,8,1024,0.1323680877685547
train,1149,train_features_001149.pt,8,1024,0.14411401748657227
train,1150,train_features_001150.pt,8,1024,0.14161300659179688
train,1151,train_features_001151.pt,8,1024,0.14423322677612305
train,1152,train_features_001152.pt,8,1024,0.09069705009460449
train,1153,train_features_001153.pt,8,1024,0.09575343132019043
train,1154,train_features_001154.pt,8,1024,0.09037208557128906
train,1155,train_features_001155.pt,8,1024,0.0939793586730957
train,1156,train_features_001156.pt,8,1024,0.09085845947265625
train,1157,train_features_001157.pt,8,1024,0.08599281311035156
train,1158,train_features_001158.pt,8,1024,0.09083986282348633
train,1159,train_features_001159.pt,8,1024,0.09332680702209473
train,1160,train_features_001160.pt,8,1024,0.09133362770080566
train,1161,train_features_001161.pt,8,1024,0.09363460540771484
train,1162,train_features_001162.pt,8,1024,0.14369916915893555
train,1163,train_features_001163.pt,8,1024,0.09469008445739746
train,1164,train_features_001164.pt,8,1024,0.09169268608093262
train,1165,train_features_001165.pt,8,1024,0.09359431266784668
train,1166,train_features_001166.pt,8,1024,0.09912848472595215
train,1167,train_features_001167.pt,8,1024,0.12526416778564453
train,1168,train_features_001168.pt,8,1024,0.12143230438232422
train,1169,train_features_001169.pt,8,1024,0.13113713264465332
train,1170,train_features_001170.pt,8,1024,0.1288139820098877
train,1171,train_features_001171.pt,8,1024,0.1043245792388916
train,1172,train_features_001172.pt,8,1024,0.09128069877624512
train,1173,train_features_001173.pt,8,1024,0.09378576278686523
train,1174,train_features_001174.pt,8,1024,0.0924520492553711
train,1175,train_features_001175.pt,8,1024,0.09382915496826172
train,1176,train_features_001176.pt,8,1024,0.0910041332244873
train,1177,train_features_001177.pt,8,1024,0.0935814380645752
train,1178,train_features_001178.pt,8,1024,0.12826991081237793
train,1179,train_features_001179.pt,8,1024,0.09247016906738281
train,1180,train_features_001180.pt,8,1024,0.13824176788330078
train,1181,train_features_001181.pt,8,1024,0.1256711483001709
train,1182,train_features_001182.pt,8,1024,0.12268781661987305
train,1183,train_features_001183.pt,8,1024,0.0956730842590332
train,1184,train_features_001184.pt,8,1024,0.09028244018554688
train,1185,train_features_001185.pt,8,1024,0.09334683418273926
train,1186,train_features_001186.pt,8,1024,0.09248900413513184
train,1187,train_features_001187.pt,8,1024,0.09351134300231934
train,1188,train_features_001188.pt,8,1024,0.09012675285339355
train,1189,train_features_001189.pt,8,1024,0.09484124183654785
train,1190,train_features_001190.pt,8,1024,0.11640739440917969
train,1191,train_features_001191.pt,8,1024,0.14401960372924805
train,1192,train_features_001192.pt,8,1024,0.11538124084472656
train,1193,train_features_001193.pt,8,1024,0.14467215538024902
train,1194,train_features_001194.pt,8,1024,0.09400582313537598
train,1195,train_features_001195.pt,8,1024,0.12017107009887695
train,1196,train_features_001196.pt,8,1024,0.14574432373046875
train,1197,train_features_001197.pt,8,1024,0.09415578842163086
train,1198,train_features_001198.pt,8,1024,0.09313416481018066
train,1199,train_features_001199.pt,8,1024,0.14115619659423828
train,1200,train_features_001200.pt,8,1024,0.09097909927368164
train,1201,train_features_001201.pt,8,1024,0.13508319854736328
train,1202,train_features_001202.pt,8,1024,0.10677361488342285
train,1203,train_features_001203.pt,8,1024,0.09288692474365234
train,1204,train_features_001204.pt,8,1024,0.14355039596557617
train,1205,train_features_001205.pt,8,1024,0.1283106803894043
train,1206,train_features_001206.pt,8,1024,0.09042024612426758
train,1207,train_features_001207.pt,8,1024,0.0931694507598877
train,1208,train_features_001208.pt,8,1024,0.1299116611480713
train,1209,train_features_001209.pt,8,1024,0.13637685775756836
train,1210,train_features_001210.pt,8,1024,0.0979609489440918
train,1211,train_features_001211.pt,8,1024,0.11500024795532227
train,1212,train_features_001212.pt,8,1024,0.09220123291015625
train,1213,train_features_001213.pt,8,1024,0.087371826171875
train,1214,train_features_001214.pt,8,1024,0.09026789665222168
train,1215,train_features_001215.pt,8,1024,0.0937490463256836
train,1216,train_features_001216.pt,8,1024,0.13510942459106445
train,1217,train_features_001217.pt,8,1024,0.11650395393371582
train,1218,train_features_001218.pt,8,1024,0.11691737174987793
train,1219,train_features_001219.pt,8,1024,0.11105990409851074
train,1220,train_features_001220.pt,8,1024,0.11536455154418945
train,1221,train_features_001221.pt,8,1024,0.09331750869750977
train,1222,train_features_001222.pt,8,1024,0.09007549285888672
train,1223,train_features_001223.pt,8,1024,0.09389948844909668
train,1224,train_features_001224.pt,8,1024,0.09135055541992188
train,1225,train_features_001225.pt,8,1024,0.0951383113861084
train,1226,train_features_001226.pt,8,1024,0.0902094841003418
train,1227,train_features_001227.pt,8,1024,0.10137605667114258
train,1228,train_features_001228.pt,8,1024,0.09032082557678223
train,1229,train_features_001229.pt,8,1024,0.09566473960876465
train,1230,train_features_001230.pt,8,1024,0.11220073699951172
train,1231,train_features_001231.pt,8,1024,0.09023714065551758
train,1232,train_features_001232.pt,8,1024,0.09061026573181152
train,1233,train_features_001233.pt,8,1024,0.09389328956604004
train,1234,train_features_001234.pt,8,1024,0.09297037124633789
train,1235,train_features_001235.pt,8,1024,0.1111152172088623
train,1236,train_features_001236.pt,8,1024,0.09518170356750488
train,1237,train_features_001237.pt,8,1024,0.0936729907989502
train,1238,train_features_001238.pt,8,1024,0.13567686080932617
train,1239,train_features_001239.pt,8,1024,0.09372234344482422
train,1240,train_features_001240.pt,8,1024,0.13871264457702637
train,1241,train_features_001241.pt,8,1024,0.08624601364135742
train,1242,train_features_001242.pt,8,1024,0.12318134307861328
train,1243,train_features_001243.pt,8,1024,0.09257078170776367
train,1244,train_features_001244.pt,8,1024,0.09056568145751953
train,1245,train_features_001245.pt,8,1024,0.10241842269897461
train,1246,train_features_001246.pt,8,1024,0.0906062126159668
train,1247,train_features_001247.pt,8,1024,0.11713910102844238
train,1248,train_features_001248.pt,8,1024,0.0910956859588623
train,1249,train_features_001249.pt,8,1024,0.09314417839050293
train,1250,train_features_001250.pt,8,1024,0.10842037200927734
train,1251,train_features_001251.pt,8,1024,0.15116572380065918
train,1252,train_features_001252.pt,8,1024,0.09030294418334961
train,1253,train_features_001253.pt,8,1024,0.09468436241149902
train,1254,train_features_001254.pt,8,1024,0.09068846702575684
train,1255,train_features_001255.pt,8,1024,0.09312796592712402
train,1256,train_features_001256.pt,8,1024,0.09067273139953613
train,1257,train_features_001257.pt,8,1024,0.09351420402526855
train,1258,train_features_001258.pt,8,1024,0.09496831893920898
train,1259,train_features_001259.pt,8,1024,0.09375882148742676
train,1260,train_features_001260.pt,8,1024,0.09124231338500977
train,1261,train_features_001261.pt,8,1024,0.0944359302520752
train,1262,train_features_001262.pt,8,1024,0.09133267402648926
train,1263,train_features_001263.pt,8,1024,0.09489011764526367
train,1264,train_features_001264.pt,8,1024,0.09273767471313477
train,1265,train_features_001265.pt,8,1024,0.09302401542663574
train,1266,train_features_001266.pt,8,1024,0.13486957550048828
train,1267,train_features_001267.pt,8,1024,0.09345555305480957
train,1268,train_features_001268.pt,8,1024,0.14165544509887695
train,1269,train_features_001269.pt,8,1024,0.09370088577270508
train,1270,train_features_001270.pt,8,1024,0.09221625328063965
train,1271,train_features_001271.pt,8,1024,0.09627795219421387
train,1272,train_features_001272.pt,8,1024,0.09075021743774414
train,1273,train_features_001273.pt,8,1024,0.09337830543518066
train,1274,train_features_001274.pt,8,1024,0.09064030647277832
train,1275,train_features_001275.pt,8,1024,0.09360909461975098
train,1276,train_features_001276.pt,8,1024,0.09339594841003418
train,1277,train_features_001277.pt,8,1024,0.0939183235168457
train,1278,train_features_001278.pt,8,1024,0.0905771255493164
train,1279,train_features_001279.pt,8,1024,0.10004234313964844
train,1280,train_features_001280.pt,8,1024,0.08987855911254883
train,1281,train_features_001281.pt,8,1024,0.13220882415771484
train,1282,train_features_001282.pt,8,1024,0.09039759635925293
train,1283,train_features_001283.pt,8,1024,0.09665513038635254
train,1284,train_features_001284.pt,8,1024,0.09008383750915527
train,1285,train_features_001285.pt,8,1024,0.0939335823059082
train,1286,train_features_001286.pt,8,1024,0.13562965393066406
train,1287,train_features_001287.pt,8,1024,0.09361624717712402
train,1288,train_features_001288.pt,8,1024,0.09127545356750488
train,1289,train_features_001289.pt,8,1024,0.09513974189758301
train,1290,train_features_001290.pt,8,1024,0.09167957305908203
train,1291,train_features_001291.pt,8,1024,0.09590816497802734
train,1292,train_features_001292.pt,8,1024,0.09413886070251465
train,1293,train_features_001293.pt,8,1024,0.09382176399230957
train,1294,train_features_001294.pt,8,1024,0.09180331230163574
train,1295,train_features_001295.pt,8,1024,0.09645795822143555
train,1296,train_features_001296.pt,8,1024,0.11441779136657715
train,1297,train_features_001297.pt,8,1024,0.08577513694763184
train,1298,train_features_001298.pt,8,1024,0.11243557929992676
train,1299,train_features_001299.pt,8,1024,0.0934591293334961
train,1300,train_features_001300.pt,8,1024,0.10316705703735352
train,1301,train_features_001301.pt,8,1024,0.0860145092010498
train,1302,train_features_001302.pt,8,1024,0.09044456481933594
train,1303,train_features_001303.pt,8,1024,0.11154794692993164
train,1304,train_features_001304.pt,8,1024,0.13537931442260742
train,1305,train_features_001305.pt,8,1024,0.0937657356262207
train,1306,train_features_001306.pt,8,1024,0.0899815559387207
train,1307,train_features_001307.pt,8,1024,0.14818358421325684
train,1308,train_features_001308.pt,8,1024,0.09198474884033203
train,1309,train_features_001309.pt,8,1024,0.09358525276184082
train,1310,train_features_001310.pt,8,1024,0.09034347534179688
train,1311,train_features_001311.pt,8,1024,0.09417223930358887
train,1312,train_features_001312.pt,8,1024,0.09011149406433105
train,1313,train_features_001313.pt,8,1024,0.10029339790344238
train,1314,train_features_001314.pt,8,1024,0.14339566230773926
train,1315,train_features_001315.pt,8,1024,0.11975979804992676
train,1316,train_features_001316.pt,8,1024,0.12489581108093262
train,1317,train_features_001317.pt,8,1024,0.12348246574401855
train,1318,train_features_001318.pt,8,1024,0.09156179428100586
train,1319,train_features_001319.pt,8,1024,0.0940546989440918
train,1320,train_features_001320.pt,8,1024,0.11866998672485352
train,1321,train_features_001321.pt,8,1024,0.09415531158447266
train,1322,train_features_001322.pt,8,1024,0.09025096893310547
train,1323,train_features_001323.pt,8,1024,0.1336381435394287
train,1324,train_features_001324.pt,8,1024,0.09019732475280762
train,1325,train_features_001325.pt,8,1024,0.09349179267883301
train,1326,train_features_001326.pt,8,1024,0.13515853881835938
train,1327,train_features_001327.pt,8,1024,0.0933685302734375
train,1328,train_features_001328.pt,8,1024,0.131270170211792
train,1329,train_features_001329.pt,8,1024,0.13460731506347656
train,1330,train_features_001330.pt,8,1024,0.09044384956359863
train,1331,train_features_001331.pt,8,1024,0.09354877471923828
train,1332,train_features_001332.pt,8,1024,0.08982706069946289
train,1333,train_features_001333.pt,8,1024,0.10990214347839355
train,1334,train_features_001334.pt,8,1024,0.09045958518981934
train,1335,train_features_001335.pt,8,1024,0.10320472717285156
train,1336,train_features_001336.pt,8,1024,0.0907294750213623
train,1337,train_features_001337.pt,8,1024,0.14731359481811523
train,1338,train_features_001338.pt,8,1024,0.134598970413208
train,1339,train_features_001339.pt,8,1024,0.09433841705322266
train,1340,train_features_001340.pt,8,1024,0.09067726135253906
train,1341,train_features_001341.pt,8,1024,0.11747384071350098
train,1342,train_features_001342.pt,8,1024,0.09091424942016602
train,1343,train_features_001343.pt,8,1024,0.1494903564453125
train,1344,train_features_001344.pt,8,1024,0.14720988273620605
train,1345,train_features_001345.pt,8,1024,0.09332656860351562
train,1346,train_features_001346.pt,8,1024,0.11270022392272949
train,1347,train_features_001347.pt,8,1024,0.0865488052368164
train,1348,train_features_001348.pt,8,1024,0.09080719947814941
train,1349,train_features_001349.pt,8,1024,0.09376859664916992
train,1350,train_features_001350.pt,8,1024,0.10741925239562988
train,1351,train_features_001351.pt,8,1024,0.11193990707397461
train,1352,train_features_001352.pt,8,1024,0.09200501441955566
train,1353,train_features_001353.pt,8,1024,0.12096786499023438
train,1354,train_features_001354.pt,8,1024,0.08960676193237305
train,1355,train_features_001355.pt,8,1024,0.09386134147644043
train,1356,train_features_001356.pt,8,1024,0.09127449989318848
train,1357,train_features_001357.pt,8,1024,0.09369182586669922
train,1358,train_features_001358.pt,8,1024,0.09108257293701172
train,1359,train_features_001359.pt,8,1024,0.09303975105285645
train,1360,train_features_001360.pt,8,1024,0.0906834602355957
train,1361,train_features_001361.pt,8,1024,0.09359431266784668
train,1362,train_features_001362.pt,8,1024,0.0909111499786377
train,1363,train_features_001363.pt,8,1024,0.09352898597717285
train,1364,train_features_001364.pt,8,1024,0.09541201591491699
train,1365,train_features_001365.pt,8,1024,0.1286606788635254
train,1366,train_features_001366.pt,8,1024,0.09969401359558105
train,1367,train_features_001367.pt,8,1024,0.08581948280334473
train,1368,train_features_001368.pt,8,1024,0.09111380577087402
train,1369,train_features_001369.pt,8,1024,0.10443401336669922
train,1370,train_features_001370.pt,8,1024,0.11214375495910645
train,1371,train_features_001371.pt,8,1024,0.08551239967346191
train,1372,train_features_001372.pt,8,1024,0.09036922454833984
train,1373,train_features_001373.pt,8,1024,0.13709235191345215
train,1374,train_features_001374.pt,8,1024,0.14763808250427246
train,1375,train_features_001375.pt,8,1024,0.12454676628112793
train,1376,train_features_001376.pt,8,1024,0.13337969779968262
train,1377,train_features_001377.pt,8,1024,0.09318947792053223
train,1378,train_features_001378.pt,8,1024,0.11085295677185059
train,1379,train_features_001379.pt,8,1024,0.09258055686950684
train,1380,train_features_001380.pt,8,1024,0.09052371978759766
train,1381,train_features_001381.pt,8,1024,0.098907470703125
train,1382,train_features_001382.pt,8,1024,0.10921788215637207
train,1383,train_features_001383.pt,8,1024,0.09758543968200684
train,1384,train_features_001384.pt,8,1024,0.0905451774597168
train,1385,train_features_001385.pt,8,1024,0.09631586074829102
train,1386,train_features_001386.pt,8,1024,0.09060072898864746
train,1387,train_features_001387.pt,8,1024,0.0945138931274414
train,1388,train_features_001388.pt,8,1024,0.09053969383239746
train,1389,train_features_001389.pt,8,1024,0.13989472389221191
train,1390,train_features_001390.pt,8,1024,0.09269928932189941
train,1391,train_features_001391.pt,8,1024,0.11273765563964844
train,1392,train_features_001392.pt,8,1024,0.09063482284545898
train,1393,train_features_001393.pt,8,1024,0.13896799087524414
train,1394,train_features_001394.pt,8,1024,0.12198090553283691
train,1395,train_features_001395.pt,8,1024,0.08677840232849121
train,1396,train_features_001396.pt,8,1024,0.08959722518920898
train,1397,train_features_001397.pt,8,1024,0.08550381660461426
train,1398,train_features_001398.pt,8,1024,0.09153437614440918
train,1399,train_features_001399.pt,8,1024,0.09274458885192871
train,1400,train_features_001400.pt,8,1024,0.09126615524291992
train,1401,train_features_001401.pt,8,1024,0.15265774726867676
train,1402,train_features_001402.pt,8,1024,0.09079575538635254
train,1403,train_features_001403.pt,8,1024,0.11000442504882812
train,1404,train_features_001404.pt,8,1024,0.09693503379821777
train,1405,train_features_001405.pt,8,1024,0.08614754676818848
train,1406,train_features_001406.pt,8,1024,0.08929872512817383
train,1407,train_features_001407.pt,8,1024,0.09351730346679688
train,1408,train_features_001408.pt,8,1024,0.12266921997070312
train,1409,train_features_001409.pt,8,1024,0.09287452697753906
train,1410,train_features_001410.pt,8,1024,0.09143877029418945
train,1411,train_features_001411.pt,8,1024,0.09222269058227539
train,1412,train_features_001412.pt,8,1024,0.09083199501037598
train,1413,train_features_001413.pt,8,1024,0.09240269660949707
train,1414,train_features_001414.pt,8,1024,0.09415292739868164
train,1415,train_features_001415.pt,8,1024,0.09303092956542969
train,1416,train_features_001416.pt,8,1024,0.09075546264648438
train,1417,train_features_001417.pt,8,1024,0.09490156173706055
train,1418,train_features_001418.pt,8,1024,0.09084892272949219
train,1419,train_features_001419.pt,8,1024,0.09432625770568848
train,1420,train_features_001420.pt,8,1024,0.09083747863769531
train,1421,train_features_001421.pt,8,1024,0.08948850631713867
train,1422,train_features_001422.pt,8,1024,0.14656305313110352
train,1423,train_features_001423.pt,8,1024,0.10996770858764648
train,1424,train_features_001424.pt,8,1024,0.09126091003417969
train,1425,train_features_001425.pt,8,1024,0.13007688522338867
train,1426,train_features_001426.pt,8,1024,0.11738014221191406
train,1427,train_features_001427.pt,8,1024,0.09295225143432617
train,1428,train_features_001428.pt,8,1024,0.14970159530639648
train,1429,train_features_001429.pt,8,1024,0.09279966354370117
train,1430,train_features_001430.pt,8,1024,0.09251260757446289
train,1431,train_features_001431.pt,8,1024,0.09228801727294922
train,1432,train_features_001432.pt,8,1024,0.120452880859375
train,1433,train_features_001433.pt,8,1024,0.09559893608093262
train,1434,train_features_001434.pt,8,1024,0.09161210060119629
train,1435,train_features_001435.pt,8,1024,0.0850217342376709
train,1436,train_features_001436.pt,8,1024,0.09214067459106445
train,1437,train_features_001437.pt,8,1024,0.08846354484558105
train,1438,train_features_001438.pt,8,1024,0.09018254280090332
train,1439,train_features_001439.pt,8,1024,0.08584833145141602
train,1440,train_features_001440.pt,8,1024,0.0896000862121582
train,1441,train_features_001441.pt,8,1024,0.09380483627319336
train,1442,train_features_001442.pt,8,1024,0.09083366394042969
train,1443,train_features_001443.pt,8,1024,0.11639595031738281
train,1444,train_features_001444.pt,8,1024,0.0908060073852539
train,1445,train_features_001445.pt,8,1024,0.09971785545349121
train,1446,train_features_001446.pt,8,1024,0.0902242660522461
train,1447,train_features_001447.pt,8,1024,0.09335064888000488
train,1448,train_features_001448.pt,8,1024,0.09094572067260742
train,1449,train_features_001449.pt,8,1024,0.09357213973999023
train,1450,train_features_001450.pt,8,1024,0.093475341796875
train,1451,train_features_001451.pt,8,1024,0.09941267967224121
train,1452,train_features_001452.pt,8,1024,0.09636735916137695
train,1453,train_features_001453.pt,8,1024,0.09403371810913086
train,1454,train_features_001454.pt,8,1024,0.09818673133850098
train,1455,train_features_001455.pt,8,1024,0.0936579704284668
train,1456,train_features_001456.pt,8,1024,0.13065862655639648
train,1457,train_features_001457.pt,8,1024,0.094085693359375
train,1458,train_features_001458.pt,8,1024,0.09058785438537598
train,1459,train_features_001459.pt,8,1024,0.09246158599853516
train,1460,train_features_001460.pt,8,1024,0.09353923797607422
train,1461,train_features_001461.pt,8,1024,0.094085693359375
train,1462,train_features_001462.pt,8,1024,0.09267020225524902
train,1463,train_features_001463.pt,8,1024,0.10865950584411621
train,1464,train_features_001464.pt,8,1024,0.12895584106445312
train,1465,train_features_001465.pt,8,1024,0.09356021881103516
train,1466,train_features_001466.pt,8,1024,0.12375235557556152
train,1467,train_features_001467.pt,8,1024,0.12469887733459473
train,1468,train_features_001468.pt,8,1024,0.09034132957458496
train,1469,train_features_001469.pt,8,1024,0.09361791610717773
train,1470,train_features_001470.pt,8,1024,0.08999919891357422
train,1471,train_features_001471.pt,8,1024,0.0954141616821289
train,1472,train_features_001472.pt,8,1024,0.09446239471435547
train,1473,train_features_001473.pt,8,1024,0.10026240348815918
train,1474,train_features_001474.pt,8,1024,0.10019898414611816
train,1475,train_features_001475.pt,8,1024,0.09500002861022949
train,1476,train_features_001476.pt,8,1024,0.13994336128234863
train,1477,train_features_001477.pt,8,1024,0.14119243621826172
train,1478,train_features_001478.pt,8,1024,0.10868978500366211
train,1479,train_features_001479.pt,8,1024,0.13568663597106934
train,1480,train_features_001480.pt,8,1024,0.09559965133666992
train,1481,train_features_001481.pt,8,1024,0.0891423225402832
train,1482,train_features_001482.pt,8,1024,0.09461259841918945
train,1483,train_features_001483.pt,8,1024,0.09404563903808594
train,1484,train_features_001484.pt,8,1024,0.13494014739990234
train,1485,train_features_001485.pt,8,1024,0.09342265129089355
train,1486,train_features_001486.pt,8,1024,0.09290504455566406
train,1487,train_features_001487.pt,8,1024,0.0939335823059082
train,1488,train_features_001488.pt,8,1024,0.15332698822021484
train,1489,train_features_001489.pt,8,1024,0.09462523460388184
train,1490,train_features_001490.pt,8,1024,0.09008264541625977
train,1491,train_features_001491.pt,8,1024,0.08844161033630371
train,1492,train_features_001492.pt,8,1024,0.09040951728820801
train,1493,train_features_001493.pt,8,1024,0.09246969223022461
train,1494,train_features_001494.pt,8,1024,0.09044575691223145
train,1495,train_features_001495.pt,8,1024,0.09192585945129395
train,1496,train_features_001496.pt,8,1024,0.13147306442260742
train,1497,train_features_001497.pt,8,1024,0.09261393547058105
train,1498,train_features_001498.pt,8,1024,0.09053635597229004
train,1499,train_features_001499.pt,8,1024,0.09290575981140137
train,1500,train_features_001500.pt,8,1024,0.09067368507385254
train,1501,train_features_001501.pt,8,1024,0.09462833404541016
train,1502,train_features_001502.pt,8,1024,0.09035134315490723
train,1503,train_features_001503.pt,8,1024,0.09271597862243652
train,1504,train_features_001504.pt,8,1024,0.14181017875671387
train,1505,train_features_001505.pt,8,1024,0.09239745140075684
train,1506,train_features_001506.pt,8,1024,0.09021353721618652
train,1507,train_features_001507.pt,8,1024,0.09288668632507324
train,1508,train_features_001508.pt,8,1024,0.09037518501281738
train,1509,train_features_001509.pt,8,1024,0.09368252754211426
train,1510,train_features_001510.pt,8,1024,0.09781336784362793
train,1511,train_features_001511.pt,8,1024,0.12435626983642578
train,1512,train_features_001512.pt,8,1024,0.09071540832519531
train,1513,train_features_001513.pt,8,1024,0.11611676216125488
train,1514,train_features_001514.pt,8,1024,0.12055730819702148
train,1515,train_features_001515.pt,8,1024,0.0951380729675293
train,1516,train_features_001516.pt,8,1024,0.09149980545043945
train,1517,train_features_001517.pt,8,1024,0.09366154670715332
train,1518,train_features_001518.pt,8,1024,0.14227008819580078
train,1519,train_features_001519.pt,8,1024,0.11127090454101562
train,1520,train_features_001520.pt,8,1024,0.09084963798522949
train,1521,train_features_001521.pt,8,1024,0.09370827674865723
train,1522,train_features_001522.pt,8,1024,0.09101748466491699
train,1523,train_features_001523.pt,8,1024,0.09342193603515625
train,1524,train_features_001524.pt,8,1024,0.0904836654663086
train,1525,train_features_001525.pt,8,1024,0.10070919990539551
train,1526,train_features_001526.pt,8,1024,0.10020232200622559
train,1527,train_features_001527.pt,8,1024,0.11606478691101074
train,1528,train_features_001528.pt,8,1024,0.12031698226928711
train,1529,train_features_001529.pt,8,1024,0.15659213066101074
train,1530,train_features_001530.pt,8,1024,0.0923466682434082
train,1531,train_features_001531.pt,8,1024,0.09252405166625977
train,1532,train_features_001532.pt,8,1024,0.09983491897583008
train,1533,train_features_001533.pt,8,1024,0.09355640411376953
train,1534,train_features_001534.pt,8,1024,0.09185981750488281
train,1535,train_features_001535.pt,8,1024,0.0945894718170166
train,1536,train_features_001536.pt,8,1024,0.11834597587585449
train,1537,train_features_001537.pt,8,1024,0.0941472053527832
train,1538,train_features_001538.pt,8,1024,0.10486936569213867
train,1539,train_features_001539.pt,8,1024,0.09458088874816895
train,1540,train_features_001540.pt,8,1024,0.11163854598999023
train,1541,train_features_001541.pt,8,1024,0.09377479553222656
train,1542,train_features_001542.pt,8,1024,0.14115142822265625
train,1543,train_features_001543.pt,8,1024,0.10992598533630371
train,1544,train_features_001544.pt,8,1024,0.09006071090698242
train,1545,train_features_001545.pt,8,1024,0.0930478572845459
train,1546,train_features_001546.pt,8,1024,0.09013533592224121
train,1547,train_features_001547.pt,8,1024,0.1397554874420166
train,1548,train_features_001548.pt,8,1024,0.09154796600341797
train,1549,train_features_001549.pt,8,1024,0.09273767471313477
train,1550,train_features_001550.pt,8,1024,0.09649848937988281
train,1551,train_features_001551.pt,8,1024,0.09331798553466797
train,1552,train_features_001552.pt,8,1024,0.12828803062438965
train,1553,train_features_001553.pt,8,1024,0.11450839042663574
train,1554,train_features_001554.pt,8,1024,0.09004950523376465
train,1555,train_features_001555.pt,8,1024,0.10019803047180176
train,1556,train_features_001556.pt,8,1024,0.09598112106323242
train,1557,train_features_001557.pt,8,1024,0.0932929515838623
train,1558,train_features_001558.pt,8,1024,0.09747600555419922
train,1559,train_features_001559.pt,8,1024,0.08870577812194824
train,1560,train_features_001560.pt,8,1024,0.1282670497894287
train,1561,train_features_001561.pt,8,1024,0.12235307693481445
train,1562,train_features_001562.pt,8,1024,0.09011507034301758
train,1563,train_features_001563.pt,8,1024,0.09453868865966797
train,1564,train_features_001564.pt,8,1024,0.09946012496948242
train,1565,train_features_001565.pt,8,1024,0.09279108047485352
train,1566,train_features_001566.pt,8,1024,0.09527087211608887
train,1567,train_features_001567.pt,8,1024,0.09486722946166992
train,1568,train_features_001568.pt,8,1024,0.09301161766052246
train,1569,train_features_001569.pt,8,1024,0.09511351585388184
train,1570,train_features_001570.pt,8,1024,0.09033465385437012
train,1571,train_features_001571.pt,8,1024,0.09887480735778809
train,1572,train_features_001572.pt,8,1024,0.09432721138000488
train,1573,train_features_001573.pt,8,1024,0.10595464706420898
train,1574,train_features_001574.pt,8,1024,0.09038281440734863
train,1575,train_features_001575.pt,8,1024,0.09710884094238281
train,1576,train_features_001576.pt,8,1024,0.09047174453735352
train,1577,train_features_001577.pt,8,1024,0.08945059776306152
train,1578,train_features_001578.pt,8,1024,0.08997321128845215
train,1579,train_features_001579.pt,8,1024,0.126786470413208
train,1580,train_features_001580.pt,8,1024,0.12794923782348633
train,1581,train_features_001581.pt,8,1024,0.14297962188720703
train,1582,train_features_001582.pt,8,1024,0.10164999961853027
train,1583,train_features_001583.pt,8,1024,0.0984950065612793
train,1584,train_features_001584.pt,8,1024,0.09366512298583984
train,1585,train_features_001585.pt,8,1024,0.09390139579772949
train,1586,train_features_001586.pt,8,1024,0.11044669151306152
train,1587,train_features_001587.pt,8,1024,0.11505246162414551
train,1588,train_features_001588.pt,8,1024,0.09015607833862305
train,1589,train_features_001589.pt,8,1024,0.09353971481323242
train,1590,train_features_001590.pt,8,1024,0.09022903442382812
train,1591,train_features_001591.pt,8,1024,0.09331488609313965
train,1592,train_features_001592.pt,8,1024,0.11380124092102051
train,1593,train_features_001593.pt,8,1024,0.09404540061950684
train,1594,train_features_001594.pt,8,1024,0.14999079704284668
train,1595,train_features_001595.pt,8,1024,0.09351325035095215
train,1596,train_features_001596.pt,8,1024,0.14078307151794434
train,1597,train_features_001597.pt,8,1024,0.09383463859558105
train,1598,train_features_001598.pt,8,1024,0.13182663917541504
train,1599,train_features_001599.pt,8,1024,0.1374988555908203
train,1600,train_features_001600.pt,8,1024,0.09061861038208008
train,1601,train_features_001601.pt,8,1024,0.09616327285766602
train,1602,train_features_001602.pt,8,1024,0.09150099754333496
train,1603,train_features_001603.pt,8,1024,0.0949869155883789
train,1604,train_features_001604.pt,8,1024,0.09085392951965332
train,1605,train_features_001605.pt,8,1024,0.09398174285888672
train,1606,train_features_001606.pt,8,1024,0.09118890762329102
train,1607,train_features_001607.pt,8,1024,0.0936732292175293
train,1608,train_features_001608.pt,8,1024,0.09110713005065918
train,1609,train_features_001609.pt,8,1024,0.09371590614318848
train,1610,train_features_001610.pt,8,1024,0.09131574630737305
train,1611,train_features_001611.pt,8,1024,0.09369444847106934
train,1612,train_features_001612.pt,8,1024,0.09073877334594727
train,1613,train_features_001613.pt,8,1024,0.09348225593566895
train,1614,train_features_001614.pt,8,1024,0.12639880180358887
train,1615,train_features_001615.pt,8,1024,0.08566975593566895
train,1616,train_features_001616.pt,8,1024,0.09045720100402832
train,1617,train_features_001617.pt,8,1024,0.13051152229309082
train,1618,train_features_001618.pt,8,1024,0.0903170108795166
train,1619,train_features_001619.pt,8,1024,0.09369826316833496
train,1620,train_features_001620.pt,8,1024,0.09060359001159668
train,1621,train_features_001621.pt,8,1024,0.09889698028564453
train,1622,train_features_001622.pt,8,1024,0.09067153930664062
train,1623,train_features_001623.pt,8,1024,0.09314155578613281
train,1624,train_features_001624.pt,8,1024,0.0910484790802002
train,1625,train_features_001625.pt,8,1024,0.09511327743530273
train,1626,train_features_001626.pt,8,1024,0.0907752513885498
train,1627,train_features_001627.pt,8,1024,0.09310603141784668
train,1628,train_features_001628.pt,8,1024,0.0999445915222168
train,1629,train_features_001629.pt,8,1024,0.1435861587524414
train,1630,train_features_001630.pt,8,1024,0.0902867317199707
train,1631,train_features_001631.pt,8,1024,0.09275412559509277
train,1632,train_features_001632.pt,8,1024,0.12507343292236328
train,1633,train_features_001633.pt,8,1024,0.09318923950195312
train,1634,train_features_001634.pt,8,1024,0.09937262535095215
train,1635,train_features_001635.pt,8,1024,0.09123468399047852
train,1636,train_features_001636.pt,8,1024,0.09640336036682129
train,1637,train_features_001637.pt,8,1024,0.11888360977172852
train,1638,train_features_001638.pt,8,1024,0.09051513671875
train,1639,train_features_001639.pt,8,1024,0.10794186592102051
train,1640,train_features_001640.pt,8,1024,0.13750934600830078
train,1641,train_features_001641.pt,8,1024,0.12791943550109863
train,1642,train_features_001642.pt,8,1024,0.09046006202697754
train,1643,train_features_001643.pt,8,1024,0.12047529220581055
train,1644,train_features_001644.pt,8,1024,0.10118722915649414
train,1645,train_features_001645.pt,8,1024,0.10371613502502441
train,1646,train_features_001646.pt,8,1024,0.11438345909118652
train,1647,train_features_001647.pt,8,1024,0.09285521507263184
train,1648,train_features_001648.pt,8,1024,0.0945279598236084
train,1649,train_features_001649.pt,8,1024,0.0917806625366211
train,1650,train_features_001650.pt,8,1024,0.13721108436584473
train,1651,train_features_001651.pt,8,1024,0.13350319862365723
train,1652,train_features_001652.pt,8,1024,0.09124112129211426
train,1653,train_features_001653.pt,8,1024,0.12527847290039062
train,1654,train_features_001654.pt,8,1024,0.08979082107543945
train,1655,train_features_001655.pt,8,1024,0.09480094909667969
train,1656,train_features_001656.pt,8,1024,0.09280896186828613
train,1657,train_features_001657.pt,8,1024,0.09264349937438965
train,1658,train_features_001658.pt,8,1024,0.11774373054504395
train,1659,train_features_001659.pt,8,1024,0.10956716537475586
train,1660,train_features_001660.pt,8,1024,0.09207749366760254
train,1661,train_features_001661.pt,8,1024,0.11403417587280273
train,1662,train_features_001662.pt,8,1024,0.09009981155395508
train,1663,train_features_001663.pt,8,1024,0.09253406524658203
train,1664,train_features_001664.pt,8,1024,0.09019351005554199
train,1665,train_features_001665.pt,8,1024,0.11501693725585938
train,1666,train_features_001666.pt,8,1024,0.11364412307739258
train,1667,train_features_001667.pt,8,1024,0.09284472465515137
train,1668,train_features_001668.pt,8,1024,0.09042787551879883
train,1669,train_features_001669.pt,8,1024,0.11288237571716309
train,1670,train_features_001670.pt,8,1024,0.09024238586425781
train,1671,train_features_001671.pt,8,1024,0.11919188499450684
train,1672,train_features_001672.pt,8,1024,0.10725998878479004
train,1673,train_features_001673.pt,8,1024,0.09298992156982422
train,1674,train_features_001674.pt,8,1024,0.09024548530578613
train,1675,train_features_001675.pt,8,1024,0.09346961975097656
train,1676,train_features_001676.pt,8,1024,0.09072637557983398
train,1677,train_features_001677.pt,8,1024,0.09066128730773926
train,1678,train_features_001678.pt,8,1024,0.14525866508483887
train,1679,train_features_001679.pt,8,1024,0.0933690071105957
train,1680,train_features_001680.pt,8,1024,0.09132194519042969
train,1681,train_features_001681.pt,8,1024,0.09282279014587402
train,1682,train_features_001682.pt,8,1024,0.10448646545410156
train,1683,train_features_001683.pt,8,1024,0.10022473335266113
train,1684,train_features_001684.pt,8,1024,0.13590216636657715
train,1685,train_features_001685.pt,8,1024,0.09476971626281738
train,1686,train_features_001686.pt,8,1024,0.13875651359558105
train,1687,train_features_001687.pt,8,1024,0.11015772819519043
train,1688,train_features_001688.pt,8,1024,0.09068536758422852
train,1689,train_features_001689.pt,8,1024,0.09252023696899414
train,1690,train_features_001690.pt,8,1024,0.09195923805236816
train,1691,train_features_001691.pt,8,1024,0.09431338310241699
train,1692,train_features_001692.pt,8,1024,0.09034562110900879
train,1693,train_features_001693.pt,8,1024,0.08805012702941895
train,1694,train_features_001694.pt,8,1024,0.11074638366699219
train,1695,train_features_001695.pt,8,1024,0.09248471260070801
train,1696,train_features_001696.pt,8,1024,0.09022688865661621
train,1697,train_features_001697.pt,8,1024,0.09626531600952148
train,1698,train_features_001698.pt,8,1024,0.10528707504272461
train,1699,train_features_001699.pt,8,1024,0.12576913833618164
train,1700,train_features_001700.pt,8,1024,0.09038972854614258
train,1701,train_features_001701.pt,8,1024,0.10950517654418945
train,1702,train_features_001702.pt,8,1024,0.09273767471313477
train,1703,train_features_001703.pt,8,1024,0.09291934967041016
train,1704,train_features_001704.pt,8,1024,0.09339261054992676
train,1705,train_features_001705.pt,8,1024,0.0880591869354248
train,1706,train_features_001706.pt,8,1024,0.13512110710144043
train,1707,train_features_001707.pt,8,1024,0.09233570098876953
train,1708,train_features_001708.pt,8,1024,0.09207653999328613
train,1709,train_features_001709.pt,8,1024,0.09205269813537598
train,1710,train_features_001710.pt,8,1024,0.13747334480285645
train,1711,train_features_001711.pt,8,1024,0.10528826713562012
train,1712,train_features_001712.pt,8,1024,0.09429788589477539
train,1713,train_features_001713.pt,8,1024,0.12998247146606445
train,1714,train_features_001714.pt,8,1024,0.09147000312805176
train,1715,train_features_001715.pt,8,1024,0.08648300170898438
train,1716,train_features_001716.pt,8,1024,0.09010887145996094
train,1717,train_features_001717.pt,8,1024,0.10016989707946777
train,1718,train_features_001718.pt,8,1024,0.09287071228027344
train,1719,train_features_001719.pt,8,1024,0.09227561950683594
train,1720,train_features_001720.pt,8,1024,0.09085655212402344
train,1721,train_features_001721.pt,8,1024,0.09244465827941895
train,1722,train_features_001722.pt,8,1024,0.13936471939086914
train,1723,train_features_001723.pt,8,1024,0.14460539817810059
train,1724,train_features_001724.pt,8,1024,0.0900115966796875
train,1725,train_features_001725.pt,8,1024,0.13947486877441406
train,1726,train_features_001726.pt,8,1024,0.09032940864562988
train,1727,train_features_001727.pt,8,1024,0.09273648262023926
train,1728,train_features_001728.pt,8,1024,0.0901174545288086
train,1729,train_features_001729.pt,8,1024,0.08574104309082031
train,1730,train_features_001730.pt,8,1024,0.09092378616333008
train,1731,train_features_001731.pt,8,1024,0.15707683563232422
train,1732,train_features_001732.pt,8,1024,0.09088301658630371
train,1733,train_features_001733.pt,8,1024,0.12158465385437012
train,1734,train_features_001734.pt,8,1024,0.09054970741271973
train,1735,train_features_001735.pt,8,1024,0.09295415878295898
train,1736,train_features_001736.pt,8,1024,0.0900428295135498
train,1737,train_features_001737.pt,8,1024,0.10060310363769531
train,1738,train_features_001738.pt,8,1024,0.09243607521057129
train,1739,train_features_001739.pt,8,1024,0.15811610221862793
train,1740,train_features_001740.pt,8,1024,0.09633421897888184
train,1741,train_features_001741.pt,8,1024,0.13631868362426758
train,1742,train_features_001742.pt,8,1024,0.09025740623474121
train,1743,train_features_001743.pt,8,1024,0.09390521049499512
train,1744,train_features_001744.pt,8,1024,0.11057090759277344
train,1745,train_features_001745.pt,8,1024,0.09422707557678223
train,1746,train_features_001746.pt,8,1024,0.1230168342590332
train,1747,train_features_001747.pt,8,1024,0.10818290710449219
train,1748,train_features_001748.pt,8,1024,0.0903923511505127
train,1749,train_features_001749.pt,8,1024,0.0949714183807373
train,1750,train_features_001750.pt,8,1024,0.12256097793579102
train,1751,train_features_001751.pt,8,1024,0.11676216125488281
train,1752,train_features_001752.pt,8,1024,0.09025740623474121
train,1753,train_features_001753.pt,8,1024,0.09327554702758789
train,1754,train_features_001754.pt,8,1024,0.11613273620605469
train,1755,train_features_001755.pt,8,1024,0.0934607982635498
train,1756,train_features_001756.pt,8,1024,0.09711027145385742
train,1757,train_features_001757.pt,8,1024,0.11007380485534668
train,1758,train_features_001758.pt,8,1024,0.09263277053833008
train,1759,train_features_001759.pt,8,1024,0.09351396560668945
train,1760,train_features_001760.pt,8,1024,0.0949862003326416
train,1761,train_features_001761.pt,8,1024,0.128218412399292
train,1762,train_features_001762.pt,8,1024,0.09029316902160645
train,1763,train_features_001763.pt,8,1024,0.09338188171386719
train,1764,train_features_001764.pt,8,1024,0.09012341499328613
train,1765,train_features_001765.pt,8,1024,0.0953054428100586
train,1766,train_features_001766.pt,8,1024,0.09054803848266602
train,1767,train_features_001767.pt,8,1024,0.12934637069702148
train,1768,train_features_001768.pt,8,1024,0.0902395248413086
train,1769,train_features_001769.pt,8,1024,0.13756871223449707
train,1770,train_features_001770.pt,8,1024,0.10007619857788086
train,1771,train_features_001771.pt,8,1024,0.09799814224243164
train,1772,train_features_001772.pt,8,1024,0.09337592124938965
train,1773,train_features_001773.pt,8,1024,0.09425044059753418
train,1774,train_features_001774.pt,8,1024,0.09034276008605957
train,1775,train_features_001775.pt,8,1024,0.08629679679870605
train,1776,train_features_001776.pt,8,1024,0.12907814979553223
train,1777,train_features_001777.pt,8,1024,0.0932779312133789
train,1778,train_features_001778.pt,8,1024,0.11504817008972168
train,1779,train_features_001779.pt,8,1024,0.09326601028442383
train,1780,train_features_001780.pt,8,1024,0.08984971046447754
train,1781,train_features_001781.pt,8,1024,0.11006784439086914
train,1782,train_features_001782.pt,8,1024,0.12014031410217285
train,1783,train_features_001783.pt,8,1024,0.09857010841369629
train,1784,train_features_001784.pt,8,1024,0.09080862998962402
train,1785,train_features_001785.pt,8,1024,0.149428129196167
train,1786,train_features_001786.pt,8,1024,0.11107516288757324
train,1787,train_features_001787.pt,8,1024,0.08908629417419434
train,1788,train_features_001788.pt,8,1024,0.1365811824798584
train,1789,train_features_001789.pt,8,1024,0.08743429183959961
train,1790,train_features_001790.pt,8,1024,0.08916997909545898
train,1791,train_features_001791.pt,8,1024,0.11130642890930176
train,1792,train_features_001792.pt,8,1024,0.11815381050109863
train,1793,train_features_001793.pt,8,1024,0.08634805679321289
train,1794,train_features_001794.pt,8,1024,0.10039377212524414
train,1795,train_features_001795.pt,8,1024,0.08785247802734375
train,1796,train_features_001796.pt,8,1024,0.0890960693359375
train,1797,train_features_001797.pt,8,1024,0.08612203598022461
train,1798,train_features_001798.pt,8,1024,0.09033751487731934
train,1799,train_features_001799.pt,8,1024,0.08640336990356445
train,1800,train_features_001800.pt,8,1024,0.09657621383666992
train,1801,train_features_001801.pt,8,1024,0.08846592903137207
train,1802,train_features_001802.pt,8,1024,0.12135744094848633
train,1803,train_features_001803.pt,8,1024,0.08542990684509277
train,1804,train_features_001804.pt,8,1024,0.11048078536987305
train,1805,train_features_001805.pt,8,1024,0.12469172477722168
train,1806,train_features_001806.pt,8,1024,0.1318202018737793
train,1807,train_features_001807.pt,8,1024,0.08598852157592773
train,1808,train_features_001808.pt,8,1024,0.14272761344909668
train,1809,train_features_001809.pt,8,1024,0.13115572929382324
train,1810,train_features_001810.pt,8,1024,0.0905454158782959
train,1811,train_features_001811.pt,8,1024,0.09206938743591309
train,1812,train_features_001812.pt,8,1024,0.11516571044921875
train,1813,train_features_001813.pt,8,1024,0.0889744758605957
train,1814,train_features_001814.pt,8,1024,0.09432005882263184
train,1815,train_features_001815.pt,8,1024,0.08583807945251465
train,1816,train_features_001816.pt,8,1024,0.09145784378051758
train,1817,train_features_001817.pt,8,1024,0.12186813354492188
train,1818,train_features_001818.pt,8,1024,0.08858776092529297
train,1819,train_features_001819.pt,8,1024,0.08565163612365723
train,1820,train_features_001820.pt,8,1024,0.08838915824890137
train,1821,train_features_001821.pt,8,1024,0.08644437789916992
train,1822,train_features_001822.pt,8,1024,0.08992242813110352
train,1823,train_features_001823.pt,8,1024,0.09048128128051758
train,1824,train_features_001824.pt,8,1024,0.08907914161682129
train,1825,train_features_001825.pt,8,1024,0.08510422706604004
train,1826,train_features_001826.pt,8,1024,0.08887028694152832
train,1827,train_features_001827.pt,8,1024,0.11273860931396484
train,1828,train_features_001828.pt,8,1024,0.12506890296936035
train,1829,train_features_001829.pt,8,1024,0.1281449794769287
train,1830,train_features_001830.pt,8,1024,0.08912348747253418
train,1831,train_features_001831.pt,8,1024,0.08553361892700195
train,1832,train_features_001832.pt,8,1024,0.09306454658508301
train,1833,train_features_001833.pt,8,1024,0.0861821174621582
train,1834,train_features_001834.pt,8,1024,0.09141039848327637
train,1835,train_features_001835.pt,8,1024,0.09680414199829102
train,1836,train_features_001836.pt,8,1024,0.09041690826416016
train,1837,train_features_001837.pt,8,1024,0.12305068969726562
train,1838,train_features_001838.pt,8,1024,0.09546470642089844
train,1839,train_features_001839.pt,8,1024,0.08500123023986816
train,1840,train_features_001840.pt,8,1024,0.14265894889831543
train,1841,train_features_001841.pt,8,1024,0.08542728424072266
train,1842,train_features_001842.pt,8,1024,0.13505816459655762
train,1843,train_features_001843.pt,8,1024,0.08614706993103027
train,1844,train_features_001844.pt,8,1024,0.12546610832214355
train,1845,train_features_001845.pt,8,1024,0.08506941795349121
train,1846,train_features_001846.pt,8,1024,0.11433815956115723
train,1847,train_features_001847.pt,8,1024,0.11317873001098633
train,1848,train_features_001848.pt,8,1024,0.09954643249511719
train,1849,train_features_001849.pt,8,1024,0.08550310134887695
train,1850,train_features_001850.pt,8,1024,0.08900761604309082
train,1851,train_features_001851.pt,8,1024,0.11218905448913574
train,1852,train_features_001852.pt,8,1024,0.08901691436767578
train,1853,train_features_001853.pt,8,1024,0.08616828918457031
train,1854,train_features_001854.pt,8,1024,0.08897042274475098
train,1855,train_features_001855.pt,8,1024,0.09367513656616211
train,1856,train_features_001856.pt,8,1024,0.08908867835998535
train,1857,train_features_001857.pt,8,1024,0.08775520324707031
train,1858,train_features_001858.pt,8,1024,0.08852314949035645
train,1859,train_features_001859.pt,8,1024,0.12545204162597656
train,1860,train_features_001860.pt,8,1024,0.08854365348815918
train,1861,train_features_001861.pt,8,1024,0.08524751663208008
train,1862,train_features_001862.pt,8,1024,0.08880805969238281
train,1863,train_features_001863.pt,8,1024,0.08512520790100098
train,1864,train_features_001864.pt,8,1024,0.08977317810058594
train,1865,train_features_001865.pt,8,1024,0.08524918556213379
train,1866,train_features_001866.pt,8,1024,0.11492443084716797
train,1867,train_features_001867.pt,8,1024,0.08519196510314941
train,1868,train_features_001868.pt,8,1024,0.09809350967407227
train,1869,train_features_001869.pt,8,1024,0.0856170654296875
train,1870,train_features_001870.pt,8,1024,0.08905792236328125
train,1871,train_features_001871.pt,8,1024,0.13350677490234375
train,1872,train_features_001872.pt,8,1024,0.09055256843566895
train,1873,train_features_001873.pt,8,1024,0.12378764152526855
train,1874,train_features_001874.pt,8,1024,0.09059596061706543
train,1875,train_features_001875.pt,8,1024,0.09808540344238281
train,1876,train_features_001876.pt,8,1024,0.1355760097503662
train,1877,train_features_001877.pt,8,1024,0.09316015243530273
train,1878,train_features_001878.pt,8,1024,0.0905001163482666
train,1879,train_features_001879.pt,8,1024,0.1489543914794922
train,1880,train_features_001880.pt,8,1024,0.1138460636138916
train,1881,train_features_001881.pt,8,1024,0.08575963973999023
train,1882,train_features_001882.pt,8,1024,0.08860015869140625
train,1883,train_features_001883.pt,8,1024,0.08599233627319336
train,1884,train_features_001884.pt,8,1024,0.08855652809143066
train,1885,train_features_001885.pt,8,1024,0.1368727684020996
train,1886,train_features_001886.pt,8,1024,0.08829426765441895
train,1887,train_features_001887.pt,8,1024,0.0860438346862793
train,1888,train_features_001888.pt,8,1024,0.08990764617919922
train,1889,train_features_001889.pt,8,1024,0.08696532249450684
train,1890,train_features_001890.pt,8,1024,0.08947491645812988
train,1891,train_features_001891.pt,8,1024,0.08562827110290527
train,1892,train_features_001892.pt,8,1024,0.09770393371582031
train,1893,train_features_001893.pt,8,1024,0.08620476722717285
train,1894,train_features_001894.pt,8,1024,0.08920407295227051
train,1895,train_features_001895.pt,8,1024,0.08725929260253906
train,1896,train_features_001896.pt,8,1024,0.09116458892822266
train,1897,train_features_001897.pt,8,1024,0.09390592575073242
train,1898,train_features_001898.pt,8,1024,0.12770962715148926
train,1899,train_features_001899.pt,8,1024,0.08804631233215332
train,1900,train_features_001900.pt,8,1024,0.11605405807495117
train,1901,train_features_001901.pt,8,1024,0.08590292930603027
train,1902,train_features_001902.pt,8,1024,0.1332392692565918
train,1903,train_features_001903.pt,8,1024,0.12142705917358398
train,1904,train_features_001904.pt,8,1024,0.09096193313598633
train,1905,train_features_001905.pt,8,1024,0.08569526672363281
train,1906,train_features_001906.pt,8,1024,0.10479617118835449
train,1907,train_features_001907.pt,8,1024,0.11989665031433105
train,1908,train_features_001908.pt,8,1024,0.08836698532104492
train,1909,train_features_001909.pt,8,1024,0.12267899513244629
train,1910,train_features_001910.pt,8,1024,0.09090757369995117
train,1911,train_features_001911.pt,8,1024,0.12434887886047363
train,1912,train_features_001912.pt,8,1024,0.15190529823303223
train,1913,train_features_001913.pt,8,1024,0.1276707649230957
train,1914,train_features_001914.pt,8,1024,0.11989212036132812
train,1915,train_features_001915.pt,8,1024,0.08553743362426758
train,1916,train_features_001916.pt,8,1024,0.08877778053283691
train,1917,train_features_001917.pt,8,1024,0.13454580307006836
train,1918,train_features_001918.pt,8,1024,0.09195756912231445
train,1919,train_features_001919.pt,8,1024,0.11666274070739746
train,1920,train_features_001920.pt,8,1024,0.1079103946685791
train,1921,train_features_001921.pt,8,1024,0.12401700019836426
train,1922,train_features_001922.pt,8,1024,0.10135102272033691
train,1923,train_features_001923.pt,8,1024,0.0916588306427002
train,1924,train_features_001924.pt,8,1024,0.09019613265991211
train,1925,train_features_001925.pt,8,1024,0.08627080917358398
train,1926,train_features_001926.pt,8,1024,0.10530471801757812
train,1927,train_features_001927.pt,8,1024,0.08519840240478516
train,1928,train_features_001928.pt,8,1024,0.09361100196838379
train,1929,train_features_001929.pt,8,1024,0.11929774284362793
train,1930,train_features_001930.pt,8,1024,0.0885319709777832
train,1931,train_features_001931.pt,8,1024,0.08693337440490723
train,1932,train_features_001932.pt,8,1024,0.09031558036804199
train,1933,train_features_001933.pt,8,1024,0.10111331939697266
train,1934,train_features_001934.pt,8,1024,0.11554431915283203
train,1935,train_features_001935.pt,8,1024,0.09597659111022949
train,1936,train_features_001936.pt,8,1024,0.14849853515625
train,1937,train_features_001937.pt,8,1024,0.08899593353271484
train,1938,train_features_001938.pt,8,1024,0.08926725387573242
train,1939,train_features_001939.pt,8,1024,0.08829259872436523
train,1940,train_features_001940.pt,8,1024,0.09288334846496582
train,1941,train_features_001941.pt,8,1024,0.1297750473022461
train,1942,train_features_001942.pt,8,1024,0.09151887893676758
train,1943,train_features_001943.pt,8,1024,0.11388659477233887
train,1944,train_features_001944.pt,8,1024,0.10616183280944824
train,1945,train_features_001945.pt,8,1024,0.10570406913757324
train,1946,train_features_001946.pt,8,1024,0.09074926376342773
train,1947,train_features_001947.pt,8,1024,0.09285831451416016
train,1948,train_features_001948.pt,8,1024,0.14325499534606934
train,1949,train_features_001949.pt,8,1024,0.09250760078430176
train,1950,train_features_001950.pt,8,1024,0.13659000396728516
train,1951,train_features_001951.pt,8,1024,0.08747482299804688
train,1952,train_features_001952.pt,8,1024,0.1365976333618164
train,1953,train_features_001953.pt,8,1024,0.08558011054992676
train,1954,train_features_001954.pt,8,1024,0.08968758583068848
train,1955,train_features_001955.pt,8,1024,0.0894460678100586
train,1956,train_features_001956.pt,8,1024,0.12399864196777344
train,1957,train_features_001957.pt,8,1024,0.0853738784790039
train,1958,train_features_001958.pt,8,1024,0.0903475284576416
train,1959,train_features_001959.pt,8,1024,0.111358642578125
train,1960,train_features_001960.pt,8,1024,0.08887958526611328
train,1961,train_features_001961.pt,8,1024,0.0855257511138916
train,1962,train_features_001962.pt,8,1024,0.12718796730041504
train,1963,train_features_001963.pt,8,1024,0.10514259338378906
train,1964,train_features_001964.pt,8,1024,0.08900189399719238
train,1965,train_features_001965.pt,8,1024,0.12284421920776367
train,1966,train_features_001966.pt,8,1024,0.09432411193847656
train,1967,train_features_001967.pt,8,1024,0.0856480598449707
train,1968,train_features_001968.pt,8,1024,0.12963175773620605
train,1969,train_features_001969.pt,8,1024,0.10370898246765137
train,1970,train_features_001970.pt,8,1024,0.08871912956237793
train,1971,train_features_001971.pt,8,1024,0.08551764488220215
train,1972,train_features_001972.pt,8,1024,0.08888792991638184
train,1973,train_features_001973.pt,8,1024,0.08603978157043457
train,1974,train_features_001974.pt,8,1024,0.1173849105834961
train,1975,train_features_001975.pt,8,1024,0.09215807914733887
train,1976,train_features_001976.pt,8,1024,0.1261579990386963
train,1977,train_features_001977.pt,8,1024,0.0851602554321289
train,1978,train_features_001978.pt,8,1024,0.10642004013061523
train,1979,train_features_001979.pt,8,1024,0.09904098510742188
train,1980,train_features_001980.pt,8,1024,0.08900594711303711
train,1981,train_features_001981.pt,8,1024,0.08492136001586914
train,1982,train_features_001982.pt,8,1024,0.08987069129943848
train,1983,train_features_001983.pt,8,1024,0.08554220199584961
train,1984,train_features_001984.pt,8,1024,0.09388113021850586
train,1985,train_features_001985.pt,8,1024,0.09359383583068848
train,1986,train_features_001986.pt,8,1024,0.09011697769165039
train,1987,train_features_001987.pt,8,1024,0.08607888221740723
train,1988,train_features_001988.pt,8,1024,0.08856487274169922
train,1989,train_features_001989.pt,8,1024,0.08621597290039062
train,1990,train_features_001990.pt,8,1024,0.09182024002075195
train,1991,train_features_001991.pt,8,1024,0.0854794979095459
train,1992,train_features_001992.pt,8,1024,0.08843326568603516
train,1993,train_features_001993.pt,8,1024,0.0903017520904541
train,1994,train_features_001994.pt,8,1024,0.12740707397460938
train,1995,train_features_001995.pt,8,1024,0.08589363098144531
train,1996,train_features_001996.pt,8,1024,0.08853888511657715
train,1997,train_features_001997.pt,8,1024,0.08539819717407227
train,1998,train_features_001998.pt,8,1024,0.09491133689880371
train,1999,train_features_001999.pt,8,1024,0.08588743209838867
train,2000,train_features_002000.pt,8,1024,0.08886504173278809
train,2001,train_features_002001.pt,8,1024,0.08552408218383789
train,2002,train_features_002002.pt,8,1024,0.1551206111907959
train,2003,train_features_002003.pt,8,1024,0.08531713485717773
train,2004,train_features_002004.pt,8,1024,0.10503768920898438
train,2005,train_features_002005.pt,8,1024,0.08702230453491211
train,2006,train_features_002006.pt,8,1024,0.08969426155090332
train,2007,train_features_002007.pt,8,1024,0.08841872215270996
train,2008,train_features_002008.pt,8,1024,0.14165043830871582
train,2009,train_features_002009.pt,8,1024,0.12346458435058594
train,2010,train_features_002010.pt,8,1024,0.08879852294921875
train,2011,train_features_002011.pt,8,1024,0.08544588088989258
train,2012,train_features_002012.pt,8,1024,0.09934139251708984
train,2013,train_features_002013.pt,8,1024,0.0858919620513916
train,2014,train_features_002014.pt,8,1024,0.08927702903747559
train,2015,train_features_002015.pt,8,1024,0.08669614791870117
train,2016,train_features_002016.pt,8,1024,0.08895277976989746
train,2017,train_features_002017.pt,8,1024,0.08545207977294922
train,2018,train_features_002018.pt,8,1024,0.12980890274047852
train,2019,train_features_002019.pt,8,1024,0.08558201789855957
train,2020,train_features_002020.pt,8,1024,0.12018394470214844
train,2021,train_features_002021.pt,8,1024,0.12127494812011719
train,2022,train_features_002022.pt,8,1024,0.0986940860748291
train,2023,train_features_002023.pt,8,1024,0.1265091896057129
train,2024,train_features_002024.pt,8,1024,0.09098601341247559
train,2025,train_features_002025.pt,8,1024,0.11829042434692383
train,2026,train_features_002026.pt,8,1024,0.09066534042358398
train,2027,train_features_002027.pt,8,1024,0.11524629592895508
train,2028,train_features_002028.pt,8,1024,0.09348082542419434
train,2029,train_features_002029.pt,8,1024,0.08733558654785156
train,2030,train_features_002030.pt,8,1024,0.14113140106201172
train,2031,train_features_002031.pt,8,1024,0.08546948432922363
train,2032,train_features_002032.pt,8,1024,0.09411001205444336
train,2033,train_features_002033.pt,8,1024,0.08548521995544434
train,2034,train_features_002034.pt,8,1024,0.08925080299377441
train,2035,train_features_002035.pt,8,1024,0.08744144439697266
train,2036,train_features_002036.pt,8,1024,0.08914756774902344
train,2037,train_features_002037.pt,8,1024,0.08542871475219727
train,2038,train_features_002038.pt,8,1024,0.08905935287475586
train,2039,train_features_002039.pt,8,1024,0.09735608100891113
train,2040,train_features_002040.pt,8,1024,0.11859726905822754
train,2041,train_features_002041.pt,8,1024,0.08510780334472656
train,2042,train_features_002042.pt,8,1024,0.09906435012817383
train,2043,train_features_002043.pt,8,1024,0.09358716011047363
train,2044,train_features_002044.pt,8,1024,0.1170659065246582
train,2045,train_features_002045.pt,8,1024,0.10693669319152832
train,2046,train_features_002046.pt,8,1024,0.08898472785949707
train,2047,train_features_002047.pt,8,1024,0.09247326850891113
train,2048,train_features_002048.pt,8,1024,0.10613250732421875
train,2049,train_features_002049.pt,8,1024,0.15164780616760254
train,2050,train_features_002050.pt,8,1024,0.12846612930297852
train,2051,train_features_002051.pt,8,1024,0.09243607521057129
train,2052,train_features_002052.pt,8,1024,0.09070658683776855
train,2053,train_features_002053.pt,8,1024,0.08516430854797363
train,2054,train_features_002054.pt,8,1024,0.08994245529174805
train,2055,train_features_002055.pt,8,1024,0.11715126037597656
train,2056,train_features_002056.pt,8,1024,0.1411147117614746
train,2057,train_features_002057.pt,8,1024,0.09323668479919434
train,2058,train_features_002058.pt,8,1024,0.08901023864746094
train,2059,train_features_002059.pt,8,1024,0.11424708366394043
train,2060,train_features_002060.pt,8,1024,0.08887219429016113
train,2061,train_features_002061.pt,8,1024,0.08650493621826172
train,2062,train_features_002062.pt,8,1024,0.08937287330627441
train,2063,train_features_002063.pt,8,1024,0.08584809303283691
train,2064,train_features_002064.pt,8,1024,0.08948302268981934
train,2065,train_features_002065.pt,8,1024,0.12973666191101074
train,2066,train_features_002066.pt,8,1024,0.09027242660522461
train,2067,train_features_002067.pt,8,1024,0.09764671325683594
train,2068,train_features_002068.pt,8,1024,0.08908915519714355
train,2069,train_features_002069.pt,8,1024,0.08564162254333496
train,2070,train_features_002070.pt,8,1024,0.08955717086791992
train,2071,train_features_002071.pt,8,1024,0.08535170555114746
train,2072,train_features_002072.pt,8,1024,0.1119394302368164
train,2073,train_features_002073.pt,8,1024,0.09557485580444336
train,2074,train_features_002074.pt,8,1024,0.12515950202941895
train,2075,train_features_002075.pt,8,1024,0.08707213401794434
train,2076,train_features_002076.pt,8,1024,0.09031105041503906
train,2077,train_features_002077.pt,8,1024,0.08606100082397461
train,2078,train_features_002078.pt,8,1024,0.10203433036804199
train,2079,train_features_002079.pt,8,1024,0.11530256271362305
train,2080,train_features_002080.pt,8,1024,0.12170147895812988
train,2081,train_features_002081.pt,8,1024,0.08542227745056152
train,2082,train_features_002082.pt,8,1024,0.14057397842407227
train,2083,train_features_002083.pt,8,1024,0.08517050743103027
train,2084,train_features_002084.pt,8,1024,0.08930134773254395
train,2085,train_features_002085.pt,8,1024,0.09387564659118652
train,2086,train_features_002086.pt,8,1024,0.09363389015197754
train,2087,train_features_002087.pt,8,1024,0.08695578575134277
train,2088,train_features_002088.pt,8,1024,0.15212082862854004
train,2089,train_features_002089.pt,8,1024,0.12361669540405273
train,2090,train_features_002090.pt,8,1024,0.11399126052856445
train,2091,train_features_002091.pt,8,1024,0.13642120361328125
train,2092,train_features_002092.pt,8,1024,0.08877229690551758
train,2093,train_features_002093.pt,8,1024,0.08742141723632812
train,2094,train_features_002094.pt,8,1024,0.1364438533782959
train,2095,train_features_002095.pt,8,1024,0.11420345306396484
train,2096,train_features_002096.pt,8,1024,0.09056782722473145
train,2097,train_features_002097.pt,8,1024,0.13377857208251953
train,2098,train_features_002098.pt,8,1024,0.11061668395996094
train,2099,train_features_002099.pt,8,1024,0.08682727813720703
train,2100,train_features_002100.pt,8,1024,0.1173853874206543
train,2101,train_features_002101.pt,8,1024,0.08559823036193848
train,2102,train_features_002102.pt,8,1024,0.08859848976135254
train,2103,train_features_002103.pt,8,1024,0.0852208137512207
train,2104,train_features_002104.pt,8,1024,0.15659523010253906
train,2105,train_features_002105.pt,8,1024,0.09952831268310547
train,2106,train_features_002106.pt,8,1024,0.0885012149810791
train,2107,train_features_002107.pt,8,1024,0.09691596031188965
train,2108,train_features_002108.pt,8,1024,0.13199639320373535
train,2109,train_features_002109.pt,8,1024,0.11585497856140137
train,2110,train_features_002110.pt,8,1024,0.10001540184020996
train,2111,train_features_002111.pt,8,1024,0.11363816261291504
train,2112,train_features_002112.pt,8,1024,0.0899040699005127
train,2113,train_features_002113.pt,8,1024,0.08495163917541504
train,2114,train_features_002114.pt,8,1024,0.08875751495361328
train,2115,train_features_002115.pt,8,1024,0.08740997314453125
train,2116,train_features_002116.pt,8,1024,0.10428166389465332
train,2117,train_features_002117.pt,8,1024,0.0880897045135498
train,2118,train_features_002118.pt,8,1024,0.08895158767700195
train,2119,train_features_002119.pt,8,1024,0.0856013298034668
train,2120,train_features_002120.pt,8,1024,0.08843517303466797
train,2121,train_features_002121.pt,8,1024,0.08502340316772461
train,2122,train_features_002122.pt,8,1024,0.08990693092346191
train,2123,train_features_002123.pt,8,1024,0.08667969703674316
train,2124,train_features_002124.pt,8,1024,0.08837127685546875
train,2125,train_features_002125.pt,8,1024,0.1152951717376709
train,2126,train_features_002126.pt,8,1024,0.08848404884338379
train,2127,train_features_002127.pt,8,1024,0.0857079029083252
train,2128,train_features_002128.pt,8,1024,0.09025073051452637
train,2129,train_features_002129.pt,8,1024,0.13455557823181152
train,2130,train_features_002130.pt,8,1024,0.09081888198852539
train,2131,train_features_002131.pt,8,1024,0.1008765697479248
train,2132,train_features_002132.pt,8,1024,0.12205958366394043
train,2133,train_features_002133.pt,8,1024,0.11997056007385254
train,2134,train_features_002134.pt,8,1024,0.11639809608459473
train,2135,train_features_002135.pt,8,1024,0.09165000915527344
train,2136,train_features_002136.pt,8,1024,0.08887791633605957
train,2137,train_features_002137.pt,8,1024,0.1550140380859375
train,2138,train_features_002138.pt,8,1024,0.09008407592773438
train,2139,train_features_002139.pt,8,1024,0.08657240867614746
train,2140,train_features_002140.pt,8,1024,0.08924102783203125
train,2141,train_features_002141.pt,8,1024,0.08597803115844727
train,2142,train_features_002142.pt,8,1024,0.14107227325439453
train,2143,train_features_002143.pt,8,1024,0.09876370429992676
train,2144,train_features_002144.pt,8,1024,0.09568095207214355
train,2145,train_features_002145.pt,8,1024,0.0962831974029541
train,2146,train_features_002146.pt,8,1024,0.09709620475769043
train,2147,train_features_002147.pt,8,1024,0.11773300170898438
train,2148,train_features_002148.pt,8,1024,0.11814260482788086
train,2149,train_features_002149.pt,8,1024,0.11631941795349121
train,2150,train_features_002150.pt,8,1024,0.08901214599609375
train,2151,train_features_002151.pt,8,1024,0.12246537208557129
train,2152,train_features_002152.pt,8,1024,0.09797859191894531
train,2153,train_features_002153.pt,8,1024,0.09736442565917969
train,2154,train_features_002154.pt,8,1024,0.09240889549255371
train,2155,train_features_002155.pt,8,1024,0.0853281021118164
train,2156,train_features_002156.pt,8,1024,0.08878755569458008
train,2157,train_features_002157.pt,8,1024,0.08530902862548828
train,2158,train_features_002158.pt,8,1024,0.0886838436126709
train,2159,train_features_002159.pt,8,1024,0.085540771484375
train,2160,train_features_002160.pt,8,1024,0.12398362159729004
train,2161,train_features_002161.pt,8,1024,0.08903288841247559
train,2162,train_features_002162.pt,8,1024,0.13926482200622559
train,2163,train_features_002163.pt,8,1024,0.14690089225769043
train,2164,train_features_002164.pt,8,1024,0.08986377716064453
train,2165,train_features_002165.pt,8,1024,0.08546781539916992
train,2166,train_features_002166.pt,8,1024,0.08946037292480469
train,2167,train_features_002167.pt,8,1024,0.08937430381774902
train,2168,train_features_002168.pt,8,1024,0.15900707244873047
train,2169,train_features_002169.pt,8,1024,0.0852670669555664
train,2170,train_features_002170.pt,8,1024,0.13540124893188477
train,2171,train_features_002171.pt,8,1024,0.08926939964294434
train,2172,train_features_002172.pt,8,1024,0.08973360061645508
train,2173,train_features_002173.pt,8,1024,0.08478236198425293
train,2174,train_features_002174.pt,8,1024,0.0888671875
train,2175,train_features_002175.pt,8,1024,0.08764314651489258
train,2176,train_features_002176.pt,8,1024,0.10883545875549316
train,2177,train_features_002177.pt,8,1024,0.12445712089538574
train,2178,train_features_002178.pt,8,1024,0.12596821784973145
train,2179,train_features_002179.pt,8,1024,0.08509087562561035
train,2180,train_features_002180.pt,8,1024,0.13637971878051758
train,2181,train_features_002181.pt,8,1024,0.09881901741027832
train,2182,train_features_002182.pt,8,1024,0.09245562553405762
train,2183,train_features_002183.pt,8,1024,0.08987021446228027
train,2184,train_features_002184.pt,8,1024,0.0926063060760498
train,2185,train_features_002185.pt,8,1024,0.11511659622192383
train,2186,train_features_002186.pt,8,1024,0.11698579788208008
train,2187,train_features_002187.pt,8,1024,0.08698415756225586
train,2188,train_features_002188.pt,8,1024,0.12162137031555176
train,2189,train_features_002189.pt,8,1024,0.11937475204467773
train,2190,train_features_002190.pt,8,1024,0.08896803855895996
train,2191,train_features_002191.pt,8,1024,0.08779692649841309
train,2192,train_features_002192.pt,8,1024,0.0921328067779541
train,2193,train_features_002193.pt,8,1024,0.11199283599853516
train,2194,train_features_002194.pt,8,1024,0.08919167518615723
train,2195,train_features_002195.pt,8,1024,0.14591717720031738
train,2196,train_features_002196.pt,8,1024,0.08864688873291016
train,2197,train_features_002197.pt,8,1024,0.08615446090698242
train,2198,train_features_002198.pt,8,1024,0.09757208824157715
train,2199,train_features_002199.pt,8,1024,0.08551239967346191
train,2200,train_features_002200.pt,8,1024,0.08857607841491699
train,2201,train_features_002201.pt,8,1024,0.08586931228637695
train,2202,train_features_002202.pt,8,1024,0.1092073917388916
train,2203,train_features_002203.pt,8,1024,0.09191107749938965
train,2204,train_features_002204.pt,8,1024,0.11346983909606934
train,2205,train_features_002205.pt,8,1024,0.0869758129119873
train,2206,train_features_002206.pt,8,1024,0.09572267532348633
train,2207,train_features_002207.pt,8,1024,0.08572530746459961
train,2208,train_features_002208.pt,8,1024,0.08930444717407227
train,2209,train_features_002209.pt,8,1024,0.1084589958190918
train,2210,train_features_002210.pt,8,1024,0.08893179893493652
train,2211,train_features_002211.pt,8,1024,0.08570408821105957
train,2212,train_features_002212.pt,8,1024,0.08890628814697266
train,2213,train_features_002213.pt,8,1024,0.09136772155761719
train,2214,train_features_002214.pt,8,1024,0.09231162071228027
train,2215,train_features_002215.pt,8,1024,0.08604979515075684
train,2216,train_features_002216.pt,8,1024,0.08871150016784668
train,2217,train_features_002217.pt,8,1024,0.11933445930480957
train,2218,train_features_002218.pt,8,1024,0.0915536880493164
train,2219,train_features_002219.pt,8,1024,0.08683419227600098
train,2220,train_features_002220.pt,8,1024,0.08907604217529297
train,2221,train_features_002221.pt,8,1024,0.08757448196411133
train,2222,train_features_002222.pt,8,1024,0.08873462677001953
train,2223,train_features_002223.pt,8,1024,0.08541011810302734
train,2224,train_features_002224.pt,8,1024,0.09134340286254883
train,2225,train_features_002225.pt,8,1024,0.09379172325134277
train,2226,train_features_002226.pt,8,1024,0.10365080833435059
train,2227,train_features_002227.pt,8,1024,0.08617424964904785
train,2228,train_features_002228.pt,8,1024,0.08849811553955078
train,2229,train_features_002229.pt,8,1024,0.09412145614624023
train,2230,train_features_002230.pt,8,1024,0.08835577964782715
train,2231,train_features_002231.pt,8,1024,0.0861361026763916
train,2232,train_features_002232.pt,8,1024,0.08838415145874023
train,2233,train_features_002233.pt,8,1024,0.08855795860290527
train,2234,train_features_002234.pt,8,1024,0.12624239921569824
train,2235,train_features_002235.pt,8,1024,0.08551168441772461
train,2236,train_features_002236.pt,8,1024,0.09035325050354004
train,2237,train_features_002237.pt,8,1024,0.15861988067626953
train,2238,train_features_002238.pt,8,1024,0.09026265144348145
train,2239,train_features_002239.pt,8,1024,0.09554100036621094
train,2240,train_features_002240.pt,8,1024,0.09020757675170898
train,2241,train_features_002241.pt,8,1024,0.09277486801147461
train,2242,train_features_002242.pt,8,1024,0.0903782844543457
train,2243,train_features_002243.pt,8,1024,0.09371447563171387
train,2244,train_features_002244.pt,8,1024,0.09009027481079102
train,2245,train_features_002245.pt,8,1024,0.14049172401428223
train,2246,train_features_002246.pt,8,1024,0.09025764465332031
train,2247,train_features_002247.pt,8,1024,0.13648080825805664
train,2248,train_features_002248.pt,8,1024,0.11843323707580566
train,2249,train_features_002249.pt,8,1024,0.0927736759185791
train,2250,train_features_002250.pt,8,1024,0.09464669227600098
train,2251,train_features_002251.pt,8,1024,0.09227371215820312
train,2252,train_features_002252.pt,8,1024,0.09006404876708984
train,2253,train_features_002253.pt,8,1024,0.09261798858642578
train,2254,train_features_002254.pt,8,1024,0.09113478660583496
train,2255,train_features_002255.pt,8,1024,0.1484367847442627
train,2256,train_features_002256.pt,8,1024,0.12751078605651855
train,2257,train_features_002257.pt,8,1024,0.09263992309570312
train,2258,train_features_002258.pt,8,1024,0.13052105903625488
train,2259,train_features_002259.pt,8,1024,0.09277558326721191
train,2260,train_features_002260.pt,8,1024,0.10304784774780273
train,2261,train_features_002261.pt,8,1024,0.09286260604858398
train,2262,train_features_002262.pt,8,1024,0.14050745964050293
train,2263,train_features_002263.pt,8,1024,0.10435223579406738
train,2264,train_features_002264.pt,8,1024,0.09024429321289062
train,2265,train_features_002265.pt,8,1024,0.12380003929138184
train,2266,train_features_002266.pt,8,1024,0.10019063949584961
train,2267,train_features_002267.pt,8,1024,0.11998510360717773
train,2268,train_features_002268.pt,8,1024,0.09126019477844238
train,2269,train_features_002269.pt,8,1024,0.1005408763885498
train,2270,train_features_002270.pt,8,1024,0.09138369560241699
train,2271,train_features_002271.pt,8,1024,0.09285974502563477
train,2272,train_features_002272.pt,8,1024,0.12792587280273438
train,2273,train_features_002273.pt,8,1024,0.09264945983886719
train,2274,train_features_002274.pt,8,1024,0.1400432586669922
train,2275,train_features_002275.pt,8,1024,0.11634469032287598
train,2276,train_features_002276.pt,8,1024,0.0901494026184082
train,2277,train_features_002277.pt,8,1024,0.09283065795898438
train,2278,train_features_002278.pt,8,1024,0.08894491195678711
train,2279,train_features_002279.pt,8,1024,0.08579730987548828
train,2280,train_features_002280.pt,8,1024,0.08863663673400879
train,2281,train_features_002281.pt,8,1024,0.08756351470947266
train,2282,train_features_002282.pt,8,1024,0.10600638389587402
train,2283,train_features_002283.pt,8,1024,0.08888959884643555
train,2284,train_features_002284.pt,8,1024,0.08878183364868164
train,2285,train_features_002285.pt,8,1024,0.09325098991394043
train,2286,train_features_002286.pt,8,1024,0.10858273506164551
train,2287,train_features_002287.pt,8,1024,0.1432633399963379
train,2288,train_features_002288.pt,8,1024,0.1153104305267334
train,2289,train_features_002289.pt,8,1024,0.09148406982421875
train,2290,train_features_002290.pt,8,1024,0.09007024765014648
train,2291,train_features_002291.pt,8,1024,0.0857236385345459
train,2292,train_features_002292.pt,8,1024,0.1214451789855957
train,2293,train_features_002293.pt,8,1024,0.09217071533203125
train,2294,train_features_002294.pt,8,1024,0.11495232582092285
train,2295,train_features_002295.pt,8,1024,0.08513116836547852
train,2296,train_features_002296.pt,8,1024,0.08992314338684082
train,2297,train_features_002297.pt,8,1024,0.09223508834838867
train,2298,train_features_002298.pt,8,1024,0.09067273139953613
train,2299,train_features_002299.pt,8,1024,0.08581328392028809
train,2300,train_features_002300.pt,8,1024,0.09119796752929688
train,2301,train_features_002301.pt,8,1024,0.11870169639587402
train,2302,train_features_002302.pt,8,1024,0.09068512916564941
train,2303,train_features_002303.pt,8,1024,0.0857241153717041
train,2304,train_features_002304.pt,8,1024,0.1266317367553711
train,2305,train_features_002305.pt,8,1024,0.09035062789916992
train,2306,train_features_002306.pt,8,1024,0.09124994277954102
train,2307,train_features_002307.pt,8,1024,0.08771681785583496
train,2308,train_features_002308.pt,8,1024,0.12330460548400879
train,2309,train_features_002309.pt,8,1024,0.11040711402893066
train,2310,train_features_002310.pt,8,1024,0.09402942657470703
train,2311,train_features_002311.pt,8,1024,0.08707308769226074
train,2312,train_features_002312.pt,8,1024,0.0901334285736084
train,2313,train_features_002313.pt,8,1024,0.09261035919189453
train,2314,train_features_002314.pt,8,1024,0.08986020088195801
train,2315,train_features_002315.pt,8,1024,0.09223580360412598
train,2316,train_features_002316.pt,8,1024,0.08954119682312012
train,2317,train_features_002317.pt,8,1024,0.14153480529785156
train,2318,train_features_002318.pt,8,1024,0.12079310417175293
train,2319,train_features_002319.pt,8,1024,0.08563852310180664
train,2320,train_features_002320.pt,8,1024,0.09119963645935059
train,2321,train_features_002321.pt,8,1024,0.09536051750183105
train,2322,train_features_002322.pt,8,1024,0.11033463478088379
train,2323,train_features_002323.pt,8,1024,0.09290671348571777
train,2324,train_features_002324.pt,8,1024,0.11931681632995605
train,2325,train_features_002325.pt,8,1024,0.10337591171264648
train,2326,train_features_002326.pt,8,1024,0.14430451393127441
train,2327,train_features_002327.pt,8,1024,0.14458584785461426
train,2328,train_features_002328.pt,8,1024,0.09066605567932129
train,2329,train_features_002329.pt,8,1024,0.10000157356262207
train,2330,train_features_002330.pt,8,1024,0.09308648109436035
train,2331,train_features_002331.pt,8,1024,0.08758735656738281
train,2332,train_features_002332.pt,8,1024,0.09029936790466309
train,2333,train_features_002333.pt,8,1024,0.1156148910522461
train,2334,train_features_002334.pt,8,1024,0.11655139923095703
train,2335,train_features_002335.pt,8,1024,0.09965372085571289
train,2336,train_features_002336.pt,8,1024,0.13511157035827637
train,2337,train_features_002337.pt,8,1024,0.12584996223449707
train,2338,train_features_002338.pt,8,1024,0.09029412269592285
train,2339,train_features_002339.pt,8,1024,0.0966956615447998
train,2340,train_features_002340.pt,8,1024,0.10114312171936035
train,2341,train_features_002341.pt,8,1024,0.0997767448425293
train,2342,train_features_002342.pt,8,1024,0.0944972038269043
train,2343,train_features_002343.pt,8,1024,0.09272527694702148
train,2344,train_features_002344.pt,8,1024,0.09087848663330078
train,2345,train_features_002345.pt,8,1024,0.09217476844787598
train,2346,train_features_002346.pt,8,1024,0.13736987113952637
train,2347,train_features_002347.pt,8,1024,0.08557295799255371
train,2348,train_features_002348.pt,8,1024,0.09021377563476562
train,2349,train_features_002349.pt,8,1024,0.16056180000305176
train,2350,train_features_002350.pt,8,1024,0.0899820327758789
train,2351,train_features_002351.pt,8,1024,0.0895991325378418
train,2352,train_features_002352.pt,8,1024,0.09082245826721191
train,2353,train_features_002353.pt,8,1024,0.09233212471008301
train,2354,train_features_002354.pt,8,1024,0.0907735824584961
train,2355,train_features_002355.pt,8,1024,0.0902862548828125
train,2356,train_features_002356.pt,8,1024,0.09083938598632812
train,2357,train_features_002357.pt,8,1024,0.09389829635620117
train,2358,train_features_002358.pt,8,1024,0.09013485908508301
train,2359,train_features_002359.pt,8,1024,0.09416484832763672
train,2360,train_features_002360.pt,8,1024,0.08945322036743164
train,2361,train_features_002361.pt,8,1024,0.08587074279785156
train,2362,train_features_002362.pt,8,1024,0.09064841270446777
train,2363,train_features_002363.pt,8,1024,0.09229016304016113
train,2364,train_features_002364.pt,8,1024,0.09252262115478516
train,2365,train_features_002365.pt,8,1024,0.09054160118103027
train,2366,train_features_002366.pt,8,1024,0.13567423820495605
train,2367,train_features_002367.pt,8,1024,0.09332084655761719
train,2368,train_features_002368.pt,8,1024,0.14720678329467773
train,2369,train_features_002369.pt,8,1024,0.09131431579589844
train,2370,train_features_002370.pt,8,1024,0.15566658973693848
train,2371,train_features_002371.pt,8,1024,0.09271097183227539
train,2372,train_features_002372.pt,8,1024,0.12795495986938477
train,2373,train_features_002373.pt,8,1024,0.09245562553405762
train,2374,train_features_002374.pt,8,1024,0.09022808074951172
train,2375,train_features_002375.pt,8,1024,0.09264278411865234
train,2376,train_features_002376.pt,8,1024,0.11219501495361328
train,2377,train_features_002377.pt,8,1024,0.09234499931335449
train,2378,train_features_002378.pt,8,1024,0.08977150917053223
train,2379,train_features_002379.pt,8,1024,0.09226012229919434
train,2380,train_features_002380.pt,8,1024,0.09041666984558105
train,2381,train_features_002381.pt,8,1024,0.1016077995300293
train,2382,train_features_002382.pt,8,1024,0.0906832218170166
train,2383,train_features_002383.pt,8,1024,0.09647727012634277
train,2384,train_features_002384.pt,8,1024,0.09102916717529297
train,2385,train_features_002385.pt,8,1024,0.09205198287963867
train,2386,train_features_002386.pt,8,1024,0.12212729454040527
train,2387,train_features_002387.pt,8,1024,0.12848925590515137
train,2388,train_features_002388.pt,8,1024,0.09062528610229492
train,2389,train_features_002389.pt,8,1024,0.11084628105163574
train,2390,train_features_002390.pt,8,1024,0.09089469909667969
train,2391,train_features_002391.pt,8,1024,0.136444091796875
train,2392,train_features_002392.pt,8,1024,0.09785676002502441
train,2393,train_features_002393.pt,8,1024,0.09598827362060547
train,2394,train_features_002394.pt,8,1024,0.09053826332092285
train,2395,train_features_002395.pt,8,1024,0.09192395210266113
train,2396,train_features_002396.pt,8,1024,0.09447526931762695
train,2397,train_features_002397.pt,8,1024,0.09518098831176758
train,2398,train_features_002398.pt,8,1024,0.1186518669128418
train,2399,train_features_002399.pt,8,1024,0.0920877456665039
train,2400,train_features_002400.pt,8,1024,0.08976221084594727
train,2401,train_features_002401.pt,8,1024,0.1175696849822998
train,2402,train_features_002402.pt,8,1024,0.12695717811584473
train,2403,train_features_002403.pt,8,1024,0.12933611869812012
train,2404,train_features_002404.pt,8,1024,0.09070968627929688
train,2405,train_features_002405.pt,8,1024,0.09237504005432129
train,2406,train_features_002406.pt,8,1024,0.0905911922454834
train,2407,train_features_002407.pt,8,1024,0.09240961074829102
train,2408,train_features_002408.pt,8,1024,0.09017491340637207
train,2409,train_features_002409.pt,8,1024,0.11482596397399902
train,2410,train_features_002410.pt,8,1024,0.10573220252990723
train,2411,train_features_002411.pt,8,1024,0.11915850639343262
train,2412,train_features_002412.pt,8,1024,0.09111213684082031
train,2413,train_features_002413.pt,8,1024,0.0934288501739502
train,2414,train_features_002414.pt,8,1024,0.0905294418334961
train,2415,train_features_002415.pt,8,1024,0.1364433765411377
train,2416,train_features_002416.pt,8,1024,0.11405754089355469
train,2417,train_features_002417.pt,8,1024,0.09271383285522461
train,2418,train_features_002418.pt,8,1024,0.08971810340881348
train,2419,train_features_002419.pt,8,1024,0.09282302856445312
train,2420,train_features_002420.pt,8,1024,0.09835100173950195
train,2421,train_features_002421.pt,8,1024,0.12826919555664062
train,2422,train_features_002422.pt,8,1024,0.08994388580322266
train,2423,train_features_002423.pt,8,1024,0.09266376495361328
train,2424,train_features_002424.pt,8,1024,0.12012958526611328
train,2425,train_features_002425.pt,8,1024,0.13129234313964844
train,2426,train_features_002426.pt,8,1024,0.13320207595825195
train,2427,train_features_002427.pt,8,1024,0.11675763130187988
train,2428,train_features_002428.pt,8,1024,0.1232452392578125
train,2429,train_features_002429.pt,8,1024,0.09797072410583496
train,2430,train_features_002430.pt,8,1024,0.08972930908203125
train,2431,train_features_002431.pt,8,1024,0.14990806579589844
train,2432,train_features_002432.pt,8,1024,0.08975458145141602
train,2433,train_features_002433.pt,8,1024,0.12069320678710938
train,2434,train_features_002434.pt,8,1024,0.11016106605529785
train,2435,train_features_002435.pt,8,1024,0.09262251853942871
train,2436,train_features_002436.pt,8,1024,0.0905294418334961
train,2437,train_features_002437.pt,8,1024,0.09311485290527344
train,2438,train_features_002438.pt,8,1024,0.1108407974243164
train,2439,train_features_002439.pt,8,1024,0.09306812286376953
train,2440,train_features_002440.pt,8,1024,0.11360883712768555
train,2441,train_features_002441.pt,8,1024,0.09189438819885254
train,2442,train_features_002442.pt,8,1024,0.09023118019104004
train,2443,train_features_002443.pt,8,1024,0.12443232536315918
train,2444,train_features_002444.pt,8,1024,0.15017199516296387
train,2445,train_features_002445.pt,8,1024,0.1152036190032959
train,2446,train_features_002446.pt,8,1024,0.12694334983825684
train,2447,train_features_002447.pt,8,1024,0.09257292747497559
train,2448,train_features_002448.pt,8,1024,0.1331634521484375
train,2449,train_features_002449.pt,8,1024,0.09233379364013672
train,2450,train_features_002450.pt,8,1024,0.1395280361175537
train,2451,train_features_002451.pt,8,1024,0.09244942665100098
train,2452,train_features_002452.pt,8,1024,0.08986878395080566
train,2453,train_features_002453.pt,8,1024,0.11952495574951172
train,2454,train_features_002454.pt,8,1024,0.0900118350982666
train,2455,train_features_002455.pt,8,1024,0.09300923347473145
train,2456,train_features_002456.pt,8,1024,0.14609336853027344
train,2457,train_features_002457.pt,8,1024,0.09256863594055176
train,2458,train_features_002458.pt,8,1024,0.12215805053710938
train,2459,train_features_002459.pt,8,1024,0.0989990234375
train,2460,train_features_002460.pt,8,1024,0.09341311454772949
train,2461,train_features_002461.pt,8,1024,0.09994816780090332
train,2462,train_features_002462.pt,8,1024,0.12369298934936523
train,2463,train_features_002463.pt,8,1024,0.09177899360656738
train,2464,train_features_002464.pt,8,1024,0.16298818588256836
train,2465,train_features_002465.pt,8,1024,0.10055375099182129
train,2466,train_features_002466.pt,8,1024,0.09228825569152832
train,2467,train_features_002467.pt,8,1024,0.09302902221679688
train,2468,train_features_002468.pt,8,1024,0.09147763252258301
train,2469,train_features_002469.pt,8,1024,0.10062932968139648
train,2470,train_features_002470.pt,8,1024,0.09375929832458496
train,2471,train_features_002471.pt,8,1024,0.09477496147155762
train,2472,train_features_002472.pt,8,1024,0.09004545211791992
train,2473,train_features_002473.pt,8,1024,0.08993244171142578
train,2474,train_features_002474.pt,8,1024,0.08995223045349121
train,2475,train_features_002475.pt,8,1024,0.0928964614868164
train,2476,train_features_002476.pt,8,1024,0.09218454360961914
train,2477,train_features_002477.pt,8,1024,0.09607052803039551
train,2478,train_features_002478.pt,8,1024,0.09177374839782715
train,2479,train_features_002479.pt,8,1024,0.09326791763305664
train,2480,train_features_002480.pt,8,1024,0.12331652641296387
train,2481,train_features_002481.pt,8,1024,0.0924232006072998
train,2482,train_features_002482.pt,8,1024,0.13309979438781738
train,2483,train_features_002483.pt,8,1024,0.09232211112976074
train,2484,train_features_002484.pt,8,1024,0.09295296669006348
train,2485,train_features_002485.pt,8,1024,0.10211634635925293
train,2486,train_features_002486.pt,8,1024,0.08993792533874512
train,2487,train_features_002487.pt,8,1024,0.12195491790771484
train,2488,train_features_002488.pt,8,1024,0.08959698677062988
train,2489,train_features_002489.pt,8,1024,0.09252381324768066
train,2490,train_features_002490.pt,8,1024,0.12130475044250488
train,2491,train_features_002491.pt,8,1024,0.14200305938720703
train,2492,train_features_002492.pt,8,1024,0.09179520606994629
train,2493,train_features_002493.pt,8,1024,0.09547853469848633
train,2494,train_features_002494.pt,8,1024,0.12407755851745605
train,2495,train_features_002495.pt,8,1024,0.09255719184875488
train,2496,train_features_002496.pt,8,1024,0.09007525444030762
train,2497,train_features_002497.pt,8,1024,0.09380054473876953
train,2498,train_features_002498.pt,8,1024,0.09750056266784668
train,2499,train_features_002499.pt,8,1024,0.09481525421142578
train,2500,train_features_002500.pt,8,1024,0.09009981155395508
train,2501,train_features_002501.pt,8,1024,0.09294652938842773
train,2502,train_features_002502.pt,8,1024,0.1315317153930664
train,2503,train_features_002503.pt,8,1024,0.09239339828491211
train,2504,train_features_002504.pt,8,1024,0.09480690956115723
train,2505,train_features_002505.pt,8,1024,0.09630346298217773
train,2506,train_features_002506.pt,8,1024,0.09638094902038574
train,2507,train_features_002507.pt,8,1024,0.09224557876586914
train,2508,train_features_002508.pt,8,1024,0.09079909324645996
train,2509,train_features_002509.pt,8,1024,0.09244012832641602
train,2510,train_features_002510.pt,8,1024,0.1151738166809082
train,2511,train_features_002511.pt,8,1024,0.09227299690246582
train,2512,train_features_002512.pt,8,1024,0.09006333351135254
train,2513,train_features_002513.pt,8,1024,0.09242963790893555
train,2514,train_features_002514.pt,8,1024,0.1305677890777588
train,2515,train_features_002515.pt,8,1024,0.0995481014251709
train,2516,train_features_002516.pt,8,1024,0.13438653945922852
train,2517,train_features_002517.pt,8,1024,0.1273198127746582
train,2518,train_features_002518.pt,8,1024,0.08986234664916992
train,2519,train_features_002519.pt,8,1024,0.09256148338317871
train,2520,train_features_002520.pt,8,1024,0.09005975723266602
train,2521,train_features_002521.pt,8,1024,0.12868380546569824
train,2522,train_features_002522.pt,8,1024,0.08987855911254883
train,2523,train_features_002523.pt,8,1024,0.09259414672851562
train,2524,train_features_002524.pt,8,1024,0.0951840877532959
train,2525,train_features_002525.pt,8,1024,0.10834026336669922
train,2526,train_features_002526.pt,8,1024,0.0904695987701416
train,2527,train_features_002527.pt,8,1024,0.09261941909790039
train,2528,train_features_002528.pt,8,1024,0.09358334541320801
train,2529,train_features_002529.pt,8,1024,0.09486794471740723
train,2530,train_features_002530.pt,8,1024,0.11363482475280762
train,2531,train_features_002531.pt,8,1024,0.09230589866638184
train,2532,train_features_002532.pt,8,1024,0.15498948097229004
train,2533,train_features_002533.pt,8,1024,0.0922245979309082
train,2534,train_features_002534.pt,8,1024,0.1262521743774414
train,2535,train_features_002535.pt,8,1024,0.1291356086730957
train,2536,train_features_002536.pt,8,1024,0.09435892105102539
train,2537,train_features_002537.pt,8,1024,0.09209275245666504
train,2538,train_features_002538.pt,8,1024,0.09030508995056152
train,2539,train_features_002539.pt,8,1024,0.12033581733703613
train,2540,train_features_002540.pt,8,1024,0.09213805198669434
train,2541,train_features_002541.pt,8,1024,0.09480595588684082
train,2542,train_features_002542.pt,8,1024,0.09032869338989258
train,2543,train_features_002543.pt,8,1024,0.13562417030334473
train,2544,train_features_002544.pt,8,1024,0.0905461311340332
train,2545,train_features_002545.pt,8,1024,0.1118769645690918
train,2546,train_features_002546.pt,8,1024,0.11896395683288574
train,2547,train_features_002547.pt,8,1024,0.10052490234375
train,2548,train_features_002548.pt,8,1024,0.08980393409729004
train,2549,train_features_002549.pt,8,1024,0.09194397926330566
train,2550,train_features_002550.pt,8,1024,0.14328527450561523
train,2551,train_features_002551.pt,8,1024,0.09200000762939453
train,2552,train_features_002552.pt,8,1024,0.09684944152832031
train,2553,train_features_002553.pt,8,1024,0.09673833847045898
train,2554,train_features_002554.pt,8,1024,0.09065461158752441
train,2555,train_features_002555.pt,8,1024,0.09224629402160645
train,2556,train_features_002556.pt,8,1024,0.09066891670227051
train,2557,train_features_002557.pt,8,1024,0.09258890151977539
train,2558,train_features_002558.pt,8,1024,0.09359240531921387
train,2559,train_features_002559.pt,8,1024,0.10966277122497559
train,2560,train_features_002560.pt,8,1024,0.10544419288635254
train,2561,train_features_002561.pt,8,1024,0.09224104881286621
train,2562,train_features_002562.pt,8,1024,0.11696815490722656
train,2563,train_features_002563.pt,8,1024,0.09209036827087402
train,2564,train_features_002564.pt,8,1024,0.09029388427734375
train,2565,train_features_002565.pt,8,1024,0.09580707550048828
train,2566,train_features_002566.pt,8,1024,0.09821844100952148
train,2567,train_features_002567.pt,8,1024,0.11266207695007324
train,2568,train_features_002568.pt,8,1024,0.11729288101196289
train,2569,train_features_002569.pt,8,1024,0.0935354232788086
train,2570,train_features_002570.pt,8,1024,0.08998751640319824
train,2571,train_features_002571.pt,8,1024,0.09264183044433594
train,2572,train_features_002572.pt,8,1024,0.08996462821960449
train,2573,train_features_002573.pt,8,1024,0.09314203262329102
train,2574,train_features_002574.pt,8,1024,0.11801528930664062
train,2575,train_features_002575.pt,8,1024,0.12455868721008301
train,2576,train_features_002576.pt,8,1024,0.0954899787902832
train,2577,train_features_002577.pt,8,1024,0.1216428279876709
train,2578,train_features_002578.pt,8,1024,0.12146472930908203
train,2579,train_features_002579.pt,8,1024,0.09302449226379395
train,2580,train_features_002580.pt,8,1024,0.09059429168701172
train,2581,train_features_002581.pt,8,1024,0.14061498641967773
train,2582,train_features_002582.pt,8,1024,0.12522554397583008
train,2583,train_features_002583.pt,8,1024,0.14552855491638184
train,2584,train_features_002584.pt,8,1024,0.13812899589538574
train,2585,train_features_002585.pt,8,1024,0.09236335754394531
train,2586,train_features_002586.pt,8,1024,0.09047913551330566
train,2587,train_features_002587.pt,8,1024,0.09076929092407227
train,2588,train_features_002588.pt,8,1024,0.08977675437927246
train,2589,train_features_002589.pt,8,1024,0.08509325981140137
train,2590,train_features_002590.pt,8,1024,0.09258079528808594
train,2591,train_features_002591.pt,8,1024,0.11475515365600586
train,2592,train_features_002592.pt,8,1024,0.14042425155639648
train,2593,train_features_002593.pt,8,1024,0.10020565986633301
train,2594,train_features_002594.pt,8,1024,0.09008383750915527
train,2595,train_features_002595.pt,8,1024,0.09262585639953613
train,2596,train_features_002596.pt,8,1024,0.11911392211914062
train,2597,train_features_002597.pt,8,1024,0.1314411163330078
train,2598,train_features_002598.pt,8,1024,0.08996963500976562
train,2599,train_features_002599.pt,8,1024,0.08553171157836914
train,2600,train_features_002600.pt,8,1024,0.09479737281799316
train,2601,train_features_002601.pt,8,1024,0.13170695304870605
train,2602,train_features_002602.pt,8,1024,0.08951044082641602
train,2603,train_features_002603.pt,8,1024,0.09667062759399414
train,2604,train_features_002604.pt,8,1024,0.0911412239074707
train,2605,train_features_002605.pt,8,1024,0.1154334545135498
train,2606,train_features_002606.pt,8,1024,0.09057116508483887
train,2607,train_features_002607.pt,8,1024,0.09580373764038086
train,2608,train_features_002608.pt,8,1024,0.09096670150756836
train,2609,train_features_002609.pt,8,1024,0.09445691108703613
train,2610,train_features_002610.pt,8,1024,0.09025239944458008
train,2611,train_features_002611.pt,8,1024,0.09028053283691406
train,2612,train_features_002612.pt,8,1024,0.10903453826904297
train,2613,train_features_002613.pt,8,1024,0.0933527946472168
train,2614,train_features_002614.pt,8,1024,0.09055495262145996
train,2615,train_features_002615.pt,8,1024,0.09717035293579102
train,2616,train_features_002616.pt,8,1024,0.09093117713928223
train,2617,train_features_002617.pt,8,1024,0.13958120346069336
train,2618,train_features_002618.pt,8,1024,0.0905447006225586
train,2619,train_features_002619.pt,8,1024,0.10695719718933105
train,2620,train_features_002620.pt,8,1024,0.11034035682678223
train,2621,train_features_002621.pt,8,1024,0.09328436851501465
train,2622,train_features_002622.pt,8,1024,0.09026241302490234
train,2623,train_features_002623.pt,8,1024,0.09269905090332031
train,2624,train_features_002624.pt,8,1024,0.1174170970916748
train,2625,train_features_002625.pt,8,1024,0.0925452709197998
train,2626,train_features_002626.pt,8,1024,0.09030508995056152
train,2627,train_features_002627.pt,8,1024,0.10258746147155762
train,2628,train_features_002628.pt,8,1024,0.09023714065551758
train,2629,train_features_002629.pt,8,1024,0.09270310401916504
train,2630,train_features_002630.pt,8,1024,0.11540985107421875
train,2631,train_features_002631.pt,8,1024,0.16758036613464355
train,2632,train_features_002632.pt,8,1024,0.09948229789733887
train,2633,train_features_002633.pt,8,1024,0.09847354888916016
train,2634,train_features_002634.pt,8,1024,0.09021615982055664
train,2635,train_features_002635.pt,8,1024,0.09269976615905762
train,2636,train_features_002636.pt,8,1024,0.09063458442687988
train,2637,train_features_002637.pt,8,1024,0.13390588760375977
train,2638,train_features_002638.pt,8,1024,0.09590792655944824
train,2639,train_features_002639.pt,8,1024,0.0935969352722168
train,2640,train_features_002640.pt,8,1024,0.09038877487182617
train,2641,train_features_002641.pt,8,1024,0.1358942985534668
train,2642,train_features_002642.pt,8,1024,0.09371495246887207
train,2643,train_features_002643.pt,8,1024,0.09454059600830078
train,2644,train_features_002644.pt,8,1024,0.09521746635437012
train,2645,train_features_002645.pt,8,1024,0.09308528900146484
train,2646,train_features_002646.pt,8,1024,0.09013009071350098
train,2647,train_features_002647.pt,8,1024,0.11501383781433105
train,2648,train_features_002648.pt,8,1024,0.13845300674438477
train,2649,train_features_002649.pt,8,1024,0.12292337417602539
train,2650,train_features_002650.pt,8,1024,0.09031033515930176
train,2651,train_features_002651.pt,8,1024,0.09233450889587402
train,2652,train_features_002652.pt,8,1024,0.09863519668579102
train,2653,train_features_002653.pt,8,1024,0.09218788146972656
train,2654,train_features_002654.pt,8,1024,0.14239001274108887
train,2655,train_features_002655.pt,8,1024,0.0956878662109375
train,2656,train_features_002656.pt,8,1024,0.09052562713623047
train,2657,train_features_002657.pt,8,1024,0.09495306015014648
train,2658,train_features_002658.pt,8,1024,0.09247946739196777
train,2659,train_features_002659.pt,8,1024,0.09227943420410156
train,2660,train_features_002660.pt,8,1024,0.09179091453552246
train,2661,train_features_002661.pt,8,1024,0.09253406524658203
train,2662,train_features_002662.pt,8,1024,0.12207174301147461
train,2663,train_features_002663.pt,8,1024,0.08550071716308594
train,2664,train_features_002664.pt,8,1024,0.08816266059875488
train,2665,train_features_002665.pt,8,1024,0.13053631782531738
train,2666,train_features_002666.pt,8,1024,0.10010433197021484
train,2667,train_features_002667.pt,8,1024,0.08569002151489258
train,2668,train_features_002668.pt,8,1024,0.09035301208496094
train,2669,train_features_002669.pt,8,1024,0.09306049346923828
train,2670,train_features_002670.pt,8,1024,0.12438178062438965
train,2671,train_features_002671.pt,8,1024,0.08598566055297852
train,2672,train_features_002672.pt,8,1024,0.1026763916015625
train,2673,train_features_002673.pt,8,1024,0.09030961990356445
train,2674,train_features_002674.pt,8,1024,0.08852577209472656
train,2675,train_features_002675.pt,8,1024,0.0874333381652832
train,2676,train_features_002676.pt,8,1024,0.08901572227478027
train,2677,train_features_002677.pt,8,1024,0.13605928421020508
train,2678,train_features_002678.pt,8,1024,0.08885359764099121
train,2679,train_features_002679.pt,8,1024,0.09453320503234863
train,2680,train_features_002680.pt,8,1024,0.08897900581359863
train,2681,train_features_002681.pt,8,1024,0.11518597602844238
train,2682,train_features_002682.pt,8,1024,0.08936142921447754
train,2683,train_features_002683.pt,8,1024,0.0868077278137207
train,2684,train_features_002684.pt,8,1024,0.09068655967712402
train,2685,train_features_002685.pt,8,1024,0.10033130645751953
train,2686,train_features_002686.pt,8,1024,0.08884048461914062
train,2687,train_features_002687.pt,8,1024,0.13697147369384766
train,2688,train_features_002688.pt,8,1024,0.09266996383666992
train,2689,train_features_002689.pt,8,1024,0.08526349067687988
train,2690,train_features_002690.pt,8,1024,0.10875415802001953
train,2691,train_features_002691.pt,8,1024,0.10107111930847168
train,2692,train_features_002692.pt,8,1024,0.09057474136352539
train,2693,train_features_002693.pt,8,1024,0.11694574356079102
train,2694,train_features_002694.pt,8,1024,0.08924055099487305
train,2695,train_features_002695.pt,8,1024,0.0855712890625
train,2696,train_features_002696.pt,8,1024,0.08934950828552246
train,2697,train_features_002697.pt,8,1024,0.08539652824401855
train,2698,train_features_002698.pt,8,1024,0.08949542045593262
train,2699,train_features_002699.pt,8,1024,0.0852973461151123
train,2700,train_features_002700.pt,8,1024,0.11556339263916016
train,2701,train_features_002701.pt,8,1024,0.14003682136535645
train,2702,train_features_002702.pt,8,1024,0.09016108512878418
train,2703,train_features_002703.pt,8,1024,0.0850992202758789
train,2704,train_features_002704.pt,8,1024,0.09089255332946777
train,2705,train_features_002705.pt,8,1024,0.08558034896850586
train,2706,train_features_002706.pt,8,1024,0.1295316219329834
train,2707,train_features_002707.pt,8,1024,0.13023972511291504
train,2708,train_features_002708.pt,8,1024,0.09044241905212402
train,2709,train_features_002709.pt,8,1024,0.11689496040344238
train,2710,train_features_002710.pt,8,1024,0.11161565780639648
train,2711,train_features_002711.pt,8,1024,0.09900045394897461
train,2712,train_features_002712.pt,8,1024,0.09505200386047363
train,2713,train_features_002713.pt,8,1024,0.11264371871948242
train,2714,train_features_002714.pt,8,1024,0.10057258605957031
train,2715,train_features_002715.pt,8,1024,0.09396982192993164
train,2716,train_features_002716.pt,8,1024,0.09437346458435059
train,2717,train_features_002717.pt,8,1024,0.08562612533569336
train,2718,train_features_002718.pt,8,1024,0.14881300926208496
train,2719,train_features_002719.pt,8,1024,0.08567452430725098
train,2720,train_features_002720.pt,8,1024,0.090789794921875
train,2721,train_features_002721.pt,8,1024,0.09432554244995117
train,2722,train_features_002722.pt,8,1024,0.09048151969909668
train,2723,train_features_002723.pt,8,1024,0.08670186996459961
train,2724,train_features_002724.pt,8,1024,0.1312394142150879
train,2725,train_features_002725.pt,8,1024,0.0853581428527832
train,2726,train_features_002726.pt,8,1024,0.12509870529174805
train,2727,train_features_002727.pt,8,1024,0.0857534408569336
train,2728,train_features_002728.pt,8,1024,0.09041261672973633
train,2729,train_features_002729.pt,8,1024,0.12137055397033691
train,2730,train_features_002730.pt,8,1024,0.08869290351867676
train,2731,train_features_002731.pt,8,1024,0.08619499206542969
train,2732,train_features_002732.pt,8,1024,0.08885884284973145
train,2733,train_features_002733.pt,8,1024,0.08897948265075684
train,2734,train_features_002734.pt,8,1024,0.08858299255371094
train,2735,train_features_002735.pt,8,1024,0.1156167984008789
train,2736,train_features_002736.pt,8,1024,0.08887743949890137
train,2737,train_features_002737.pt,8,1024,0.09904718399047852
train,2738,train_features_002738.pt,8,1024,0.09493899345397949
train,2739,train_features_002739.pt,8,1024,0.0857083797454834
train,2740,train_features_002740.pt,8,1024,0.08857369422912598
train,2741,train_features_002741.pt,8,1024,0.08532571792602539
train,2742,train_features_002742.pt,8,1024,0.14951753616333008
train,2743,train_features_002743.pt,8,1024,0.10793709754943848
train,2744,train_features_002744.pt,8,1024,0.12952065467834473
train,2745,train_features_002745.pt,8,1024,0.12420248985290527
train,2746,train_features_002746.pt,8,1024,0.12239861488342285
train,2747,train_features_002747.pt,8,1024,0.09131479263305664
train,2748,train_features_002748.pt,8,1024,0.12013840675354004
train,2749,train_features_002749.pt,8,1024,0.12643790245056152
train,2750,train_features_002750.pt,8,1024,0.088531494140625
train,2751,train_features_002751.pt,8,1024,0.12377500534057617
train,2752,train_features_002752.pt,8,1024,0.11518526077270508
train,2753,train_features_002753.pt,8,1024,0.08586597442626953
train,2754,train_features_002754.pt,8,1024,0.09237289428710938
train,2755,train_features_002755.pt,8,1024,0.09431171417236328
train,2756,train_features_002756.pt,8,1024,0.09025788307189941
train,2757,train_features_002757.pt,8,1024,0.08544421195983887
train,2758,train_features_002758.pt,8,1024,0.0904238224029541
train,2759,train_features_002759.pt,8,1024,0.09326815605163574
train,2760,train_features_002760.pt,8,1024,0.09012269973754883
train,2761,train_features_002761.pt,8,1024,0.08574771881103516
train,2762,train_features_002762.pt,8,1024,0.08798933029174805
train,2763,train_features_002763.pt,8,1024,0.1430652141571045
train,2764,train_features_002764.pt,8,1024,0.11921858787536621
train,2765,train_features_002765.pt,8,1024,0.09157395362854004
train,2766,train_features_002766.pt,8,1024,0.0884251594543457
train,2767,train_features_002767.pt,8,1024,0.08516955375671387
train,2768,train_features_002768.pt,8,1024,0.08917403221130371
train,2769,train_features_002769.pt,8,1024,0.0860443115234375
train,2770,train_features_002770.pt,8,1024,0.08903193473815918
train,2771,train_features_002771.pt,8,1024,0.08803343772888184
train,2772,train_features_002772.pt,8,1024,0.08793783187866211
train,2773,train_features_002773.pt,8,1024,0.08562850952148438
train,2774,train_features_002774.pt,8,1024,0.08813333511352539
train,2775,train_features_002775.pt,8,1024,0.12263298034667969
train,2776,train_features_002776.pt,8,1024,0.08812499046325684
train,2777,train_features_002777.pt,8,1024,0.13701891899108887
train,2778,train_features_002778.pt,8,1024,0.08858513832092285
train,2779,train_features_002779.pt,8,1024,0.09718441963195801
train,2780,train_features_002780.pt,8,1024,0.08841419219970703
train,2781,train_features_002781.pt,8,1024,0.15017437934875488
train,2782,train_features_002782.pt,8,1024,0.12880873680114746
train,2783,train_features_002783.pt,8,1024,0.0861053466796875
train,2784,train_features_002784.pt,8,1024,0.08866524696350098
train,2785,train_features_002785.pt,8,1024,0.08658790588378906
train,2786,train_features_002786.pt,8,1024,0.08823680877685547
train,2787,train_features_002787.pt,8,1024,0.08609485626220703
train,2788,train_features_002788.pt,8,1024,0.08878064155578613
train,2789,train_features_002789.pt,8,1024,0.09151339530944824
train,2790,train_features_002790.pt,8,1024,0.09191513061523438
train,2791,train_features_002791.pt,8,1024,0.08600425720214844
train,2792,train_features_002792.pt,8,1024,0.0881645679473877
train,2793,train_features_002793.pt,8,1024,0.0856637954711914
train,2794,train_features_002794.pt,8,1024,0.08829665184020996
train,2795,train_features_002795.pt,8,1024,0.11722874641418457
train,2796,train_features_002796.pt,8,1024,0.08827424049377441
train,2797,train_features_002797.pt,8,1024,0.08617854118347168
train,2798,train_features_002798.pt,8,1024,0.08884572982788086
train,2799,train_features_002799.pt,8,1024,0.08699274063110352
train,2800,train_features_002800.pt,8,1024,0.08848333358764648
train,2801,train_features_002801.pt,8,1024,0.08532977104187012
train,2802,train_features_002802.pt,8,1024,0.08853626251220703
train,2803,train_features_002803.pt,8,1024,0.08631443977355957
train,2804,train_features_002804.pt,8,1024,0.08803868293762207
train,2805,train_features_002805.pt,8,1024,0.0857234001159668
train,2806,train_features_002806.pt,8,1024,0.13500571250915527
train,2807,train_features_002807.pt,8,1024,0.08822965621948242
train,2808,train_features_002808.pt,8,1024,0.14246821403503418
train,2809,train_features_002809.pt,8,1024,0.08556604385375977
train,2810,train_features_002810.pt,8,1024,0.12792682647705078
train,2811,train_features_002811.pt,8,1024,0.12404298782348633
train,2812,train_features_002812.pt,8,1024,0.08791851997375488
train,2813,train_features_002813.pt,8,1024,0.1021108627319336
train,2814,train_features_002814.pt,8,1024,0.13831019401550293
train,2815,train_features_002815.pt,8,1024,0.08529806137084961
train,2816,train_features_002816.pt,8,1024,0.09121561050415039
train,2817,train_features_002817.pt,8,1024,0.09474372863769531
train,2818,train_features_002818.pt,8,1024,0.08966875076293945
train,2819,train_features_002819.pt,8,1024,0.08535146713256836
train,2820,train_features_002820.pt,8,1024,0.09211897850036621
train,2821,train_features_002821.pt,8,1024,0.08454680442810059
train,2822,train_features_002822.pt,8,1024,0.09523797035217285
train,2823,train_features_002823.pt,8,1024,0.08503246307373047
train,2824,train_features_002824.pt,8,1024,0.08837056159973145
train,2825,train_features_002825.pt,8,1024,0.10183072090148926
train,2826,train_features_002826.pt,8,1024,0.09445476531982422
train,2827,train_features_002827.pt,8,1024,0.12625622749328613
train,2828,train_features_002828.pt,8,1024,0.08829116821289062
train,2829,train_features_002829.pt,8,1024,0.08940434455871582
train,2830,train_features_002830.pt,8,1024,0.08763742446899414
train,2831,train_features_002831.pt,8,1024,0.09175419807434082
train,2832,train_features_002832.pt,8,1024,0.08825421333312988
train,2833,train_features_002833.pt,8,1024,0.09723401069641113
train,2834,train_features_002834.pt,8,1024,0.11994242668151855
train,2835,train_features_002835.pt,8,1024,0.08853816986083984
train,2836,train_features_002836.pt,8,1024,0.08831024169921875
train,2837,train_features_002837.pt,8,1024,0.08653545379638672
train,2838,train_features_002838.pt,8,1024,0.08824801445007324
train,2839,train_features_002839.pt,8,1024,0.09240961074829102
train,2840,train_features_002840.pt,8,1024,0.08997344970703125
train,2841,train_features_002841.pt,8,1024,0.13881707191467285
train,2842,train_features_002842.pt,8,1024,0.13989710807800293
train,2843,train_features_002843.pt,8,1024,0.09291529655456543
train,2844,train_features_002844.pt,8,1024,0.09063720703125
train,2845,train_features_002845.pt,8,1024,0.13606786727905273
train,2846,train_features_002846.pt,8,1024,0.09042882919311523
train,2847,train_features_002847.pt,8,1024,0.09172773361206055
train,2848,train_features_002848.pt,8,1024,0.09743905067443848
train,2849,train_features_002849.pt,8,1024,0.08544635772705078
train,2850,train_features_002850.pt,8,1024,0.08821535110473633
train,2851,train_features_002851.pt,8,1024,0.08546257019042969
train,2852,train_features_002852.pt,8,1024,0.13170242309570312
train,2853,train_features_002853.pt,8,1024,0.11386752128601074
train,2854,train_features_002854.pt,8,1024,0.0893392562866211
train,2855,train_features_002855.pt,8,1024,0.09310197830200195
train,2856,train_features_002856.pt,8,1024,0.09072208404541016
train,2857,train_features_002857.pt,8,1024,0.11306500434875488
train,2858,train_features_002858.pt,8,1024,0.08778691291809082
train,2859,train_features_002859.pt,8,1024,0.0859684944152832
train,2860,train_features_002860.pt,8,1024,0.10045194625854492
train,2861,train_features_002861.pt,8,1024,0.08573269844055176
train,2862,train_features_002862.pt,8,1024,0.11927175521850586
train,2863,train_features_002863.pt,8,1024,0.1459639072418213
train,2864,train_features_002864.pt,8,1024,0.10072135925292969
train,2865,train_features_002865.pt,8,1024,0.09358358383178711
train,2866,train_features_002866.pt,8,1024,0.0893857479095459
train,2867,train_features_002867.pt,8,1024,0.08868288993835449
train,2868,train_features_002868.pt,8,1024,0.09408760070800781
train,2869,train_features_002869.pt,8,1024,0.08665966987609863
train,2870,train_features_002870.pt,8,1024,0.0888516902923584
train,2871,train_features_002871.pt,8,1024,0.12006711959838867
train,2872,train_features_002872.pt,8,1024,0.09381580352783203
train,2873,train_features_002873.pt,8,1024,0.09438586235046387
train,2874,train_features_002874.pt,8,1024,0.13559770584106445
train,2875,train_features_002875.pt,8,1024,0.08713674545288086
train,2876,train_features_002876.pt,8,1024,0.08893537521362305
train,2877,train_features_002877.pt,8,1024,0.12275910377502441
train,2878,train_features_002878.pt,8,1024,0.08831405639648438
train,2879,train_features_002879.pt,8,1024,0.08606433868408203
train,2880,train_features_002880.pt,8,1024,0.08900332450866699
train,2881,train_features_002881.pt,8,1024,0.08536219596862793
train,2882,train_features_002882.pt,8,1024,0.1252753734588623
train,2883,train_features_002883.pt,8,1024,0.09075593948364258
train,2884,train_features_002884.pt,8,1024,0.09021663665771484
train,2885,train_features_002885.pt,8,1024,0.14160966873168945
train,2886,train_features_002886.pt,8,1024,0.0899498462677002
train,2887,train_features_002887.pt,8,1024,0.09301280975341797
train,2888,train_features_002888.pt,8,1024,0.130049467086792
train,2889,train_features_002889.pt,8,1024,0.08528995513916016
train,2890,train_features_002890.pt,8,1024,0.08812594413757324
train,2891,train_features_002891.pt,8,1024,0.08512067794799805
train,2892,train_features_002892.pt,8,1024,0.09060263633728027
train,2893,train_features_002893.pt,8,1024,0.09250235557556152
train,2894,train_features_002894.pt,8,1024,0.12191390991210938
train,2895,train_features_002895.pt,8,1024,0.08542180061340332
train,2896,train_features_002896.pt,8,1024,0.09045577049255371
train,2897,train_features_002897.pt,8,1024,0.12317967414855957
train,2898,train_features_002898.pt,8,1024,0.14080429077148438
train,2899,train_features_002899.pt,8,1024,0.0869448184967041
train,2900,train_features_002900.pt,8,1024,0.08806443214416504
train,2901,train_features_002901.pt,8,1024,0.08562493324279785
train,2902,train_features_002902.pt,8,1024,0.1187276840209961
train,2903,train_features_002903.pt,8,1024,0.08607196807861328
train,2904,train_features_002904.pt,8,1024,0.08979249000549316
train,2905,train_features_002905.pt,8,1024,0.08541035652160645
train,2906,train_features_002906.pt,8,1024,0.09523940086364746
train,2907,train_features_002907.pt,8,1024,0.0866537094116211
train,2908,train_features_002908.pt,8,1024,0.090728759765625
train,2909,train_features_002909.pt,8,1024,0.11854791641235352
train,2910,train_features_002910.pt,8,1024,0.09802126884460449
train,2911,train_features_002911.pt,8,1024,0.1488051414489746
train,2912,train_features_002912.pt,8,1024,0.09076714515686035
train,2913,train_features_002913.pt,8,1024,0.09318208694458008
train,2914,train_features_002914.pt,8,1024,0.09034967422485352
train,2915,train_features_002915.pt,8,1024,0.1281423568725586
train,2916,train_features_002916.pt,8,1024,0.0942997932434082
train,2917,train_features_002917.pt,8,1024,0.08721518516540527
train,2918,train_features_002918.pt,8,1024,0.08829593658447266
train,2919,train_features_002919.pt,8,1024,0.08564972877502441
train,2920,train_features_002920.pt,8,1024,0.08983159065246582
train,2921,train_features_002921.pt,8,1024,0.08557772636413574
train,2922,train_features_002922.pt,8,1024,0.0895087718963623
train,2923,train_features_002923.pt,8,1024,0.08515191078186035
train,2924,train_features_002924.pt,8,1024,0.12888097763061523
train,2925,train_features_002925.pt,8,1024,0.08520126342773438
train,2926,train_features_002926.pt,8,1024,0.09495806694030762
train,2927,train_features_002927.pt,8,1024,0.08615374565124512
train,2928,train_features_002928.pt,8,1024,0.12127017974853516
train,2929,train_features_002929.pt,8,1024,0.0870821475982666
train,2930,train_features_002930.pt,8,1024,0.08817911148071289
train,2931,train_features_002931.pt,8,1024,0.10927343368530273
train,2932,train_features_002932.pt,8,1024,0.08839583396911621
train,2933,train_features_002933.pt,8,1024,0.08525729179382324
train,2934,train_features_002934.pt,8,1024,0.08875298500061035
train,2935,train_features_002935.pt,8,1024,0.08517813682556152
train,2936,train_features_002936.pt,8,1024,0.08936786651611328
train,2937,train_features_002937.pt,8,1024,0.09571194648742676
train,2938,train_features_002938.pt,8,1024,0.08826065063476562
train,2939,train_features_002939.pt,8,1024,0.08500909805297852
train,2940,train_features_002940.pt,8,1024,0.08825159072875977
train,2941,train_features_002941.pt,8,1024,0.08559870719909668
train,2942,train_features_002942.pt,8,1024,0.1125493049621582
train,2943,train_features_002943.pt,8,1024,0.08519148826599121
train,2944,train_features_002944.pt,8,1024,0.1395711898803711
train,2945,train_features_002945.pt,8,1024,0.08945989608764648
train,2946,train_features_002946.pt,8,1024,0.1353285312652588
train,2947,train_features_002947.pt,8,1024,0.09475159645080566
train,2948,train_features_002948.pt,8,1024,0.09013724327087402
train,2949,train_features_002949.pt,8,1024,0.08495545387268066
train,2950,train_features_002950.pt,8,1024,0.08860182762145996
train,2951,train_features_002951.pt,8,1024,0.13670587539672852
train,2952,train_features_002952.pt,8,1024,0.09953165054321289
train,2953,train_features_002953.pt,8,1024,0.10956478118896484
train,2954,train_features_002954.pt,8,1024,0.08849239349365234
train,2955,train_features_002955.pt,8,1024,0.1351180076599121
train,2956,train_features_002956.pt,8,1024,0.08840370178222656
train,2957,train_features_002957.pt,8,1024,0.13100767135620117
train,2958,train_features_002958.pt,8,1024,0.0902547836303711
train,2959,train_features_002959.pt,8,1024,0.1237185001373291
train,2960,train_features_002960.pt,8,1024,0.0930182933807373
train,2961,train_features_002961.pt,8,1024,0.13135337829589844
train,2962,train_features_002962.pt,8,1024,0.09001779556274414
train,2963,train_features_002963.pt,8,1024,0.09295439720153809
train,2964,train_features_002964.pt,8,1024,0.1151266098022461
train,2965,train_features_002965.pt,8,1024,0.09264397621154785
train,2966,train_features_002966.pt,8,1024,0.09218406677246094
train,2967,train_features_002967.pt,8,1024,0.08652138710021973
train,2968,train_features_002968.pt,8,1024,0.08807635307312012
train,2969,train_features_002969.pt,8,1024,0.08606457710266113
train,2970,train_features_002970.pt,8,1024,0.0882103443145752
train,2971,train_features_002971.pt,8,1024,0.13314270973205566
train,2972,train_features_002972.pt,8,1024,0.08927202224731445
train,2973,train_features_002973.pt,8,1024,0.09214162826538086
train,2974,train_features_002974.pt,8,1024,0.1330876350402832
train,2975,train_features_002975.pt,8,1024,0.0927438735961914
train,2976,train_features_002976.pt,8,1024,0.1146700382232666
train,2977,train_features_002977.pt,8,1024,0.08758831024169922
train,2978,train_features_002978.pt,8,1024,0.0951693058013916
train,2979,train_features_002979.pt,8,1024,0.12654519081115723
train,2980,train_features_002980.pt,8,1024,0.08982610702514648
train,2981,train_features_002981.pt,8,1024,0.08544373512268066
train,2982,train_features_002982.pt,8,1024,0.09011316299438477
train,2983,train_features_002983.pt,8,1024,0.10832643508911133
train,2984,train_features_002984.pt,8,1024,0.13163113594055176
train,2985,train_features_002985.pt,8,1024,0.11701154708862305
train,2986,train_features_002986.pt,8,1024,0.09006476402282715
train,2987,train_features_002987.pt,8,1024,0.12466073036193848
train,2988,train_features_002988.pt,8,1024,0.08998346328735352
train,2989,train_features_002989.pt,8,1024,0.09395885467529297
train,2990,train_features_002990.pt,8,1024,0.0900576114654541
train,2991,train_features_002991.pt,8,1024,0.08776473999023438
train,2992,train_features_002992.pt,8,1024,0.08825516700744629
train,2993,train_features_002993.pt,8,1024,0.0861978530883789
train,2994,train_features_002994.pt,8,1024,0.10636615753173828
train,2995,train_features_002995.pt,8,1024,0.08585262298583984
train,2996,train_features_002996.pt,8,1024,0.08821702003479004
train,2997,train_features_002997.pt,8,1024,0.08634614944458008
train,2998,train_features_002998.pt,8,1024,0.09050202369689941
train,2999,train_features_002999.pt,8,1024,0.1113748550415039
train,3000,train_features_003000.pt,8,1024,0.09371590614318848
train,3001,train_features_003001.pt,8,1024,0.09524250030517578
train,3002,train_features_003002.pt,8,1024,0.14719772338867188
train,3003,train_features_003003.pt,8,1024,0.08601117134094238
train,3004,train_features_003004.pt,8,1024,0.09475994110107422
train,3005,train_features_003005.pt,8,1024,0.09774398803710938
train,3006,train_features_003006.pt,8,1024,0.08886194229125977
train,3007,train_features_003007.pt,8,1024,0.08545947074890137
train,3008,train_features_003008.pt,8,1024,0.08929562568664551
train,3009,train_features_003009.pt,8,1024,0.08572053909301758
train,3010,train_features_003010.pt,8,1024,0.08805322647094727
train,3011,train_features_003011.pt,8,1024,0.08560919761657715
train,3012,train_features_003012.pt,8,1024,0.10047554969787598
train,3013,train_features_003013.pt,8,1024,0.09785580635070801
train,3014,train_features_003014.pt,8,1024,0.08994698524475098
train,3015,train_features_003015.pt,8,1024,0.08540511131286621
train,3016,train_features_003016.pt,8,1024,0.08837008476257324
train,3017,train_features_003017.pt,8,1024,0.12696099281311035
train,3018,train_features_003018.pt,8,1024,0.0882117748260498
train,3019,train_features_003019.pt,8,1024,0.13117504119873047
train,3020,train_features_003020.pt,8,1024,0.11142134666442871
train,3021,train_features_003021.pt,8,1024,0.0863194465637207
train,3022,train_features_003022.pt,8,1024,0.09017038345336914
train,3023,train_features_003023.pt,8,1024,0.08702659606933594
train,3024,train_features_003024.pt,8,1024,0.08786654472351074
train,3025,train_features_003025.pt,8,1024,0.08666300773620605
train,3026,train_features_003026.pt,8,1024,0.0901179313659668
train,3027,train_features_003027.pt,8,1024,0.08528327941894531
train,3028,train_features_003028.pt,8,1024,0.08906793594360352
train,3029,train_features_003029.pt,8,1024,0.0851891040802002
train,3030,train_features_003030.pt,8,1024,0.09668970108032227
train,3031,train_features_003031.pt,8,1024,0.1276998519897461
train,3032,train_features_003032.pt,8,1024,0.0879664421081543
train,3033,train_features_003033.pt,8,1024,0.12608909606933594
train,3034,train_features_003034.pt,8,1024,0.1279127597808838
train,3035,train_features_003035.pt,8,1024,0.09009408950805664
train,3036,train_features_003036.pt,8,1024,0.0881037712097168
train,3037,train_features_003037.pt,8,1024,0.08649778366088867
train,3038,train_features_003038.pt,8,1024,0.08787751197814941
train,3039,train_features_003039.pt,8,1024,0.0854334831237793
train,3040,train_features_003040.pt,8,1024,0.09133076667785645
train,3041,train_features_003041.pt,8,1024,0.15877318382263184
train,3042,train_features_003042.pt,8,1024,0.08869147300720215
train,3043,train_features_003043.pt,8,1024,0.1126852035522461
train,3044,train_features_003044.pt,8,1024,0.08945202827453613
train,3045,train_features_003045.pt,8,1024,0.11502861976623535
train,3046,train_features_003046.pt,8,1024,0.08883857727050781
train,3047,train_features_003047.pt,8,1024,0.08560657501220703
train,3048,train_features_003048.pt,8,1024,0.13514447212219238
train,3049,train_features_003049.pt,8,1024,0.0854339599609375
train,3050,train_features_003050.pt,8,1024,0.12707042694091797
train,3051,train_features_003051.pt,8,1024,0.13078856468200684
train,3052,train_features_003052.pt,8,1024,0.08928871154785156
train,3053,train_features_003053.pt,8,1024,0.0853269100189209
train,3054,train_features_003054.pt,8,1024,0.08809185028076172
train,3055,train_features_003055.pt,8,1024,0.08495950698852539
train,3056,train_features_003056.pt,8,1024,0.08824753761291504
train,3057,train_features_003057.pt,8,1024,0.08501315116882324
train,3058,train_features_003058.pt,8,1024,0.11302471160888672
train,3059,train_features_003059.pt,8,1024,0.12031698226928711
train,3060,train_features_003060.pt,8,1024,0.09529638290405273
train,3061,train_features_003061.pt,8,1024,0.08510875701904297
train,3062,train_features_003062.pt,8,1024,0.08838963508605957
train,3063,train_features_003063.pt,8,1024,0.11005711555480957
train,3064,train_features_003064.pt,8,1024,0.10709166526794434
train,3065,train_features_003065.pt,8,1024,0.08519721031188965
train,3066,train_features_003066.pt,8,1024,0.08818316459655762
train,3067,train_features_003067.pt,8,1024,0.08509087562561035
train,3068,train_features_003068.pt,8,1024,0.08829164505004883
train,3069,train_features_003069.pt,8,1024,0.08939290046691895
train,3070,train_features_003070.pt,8,1024,0.09015774726867676
train,3071,train_features_003071.pt,8,1024,0.09506440162658691
train,3072,train_features_003072.pt,8,1024,0.08912920951843262
train,3073,train_features_003073.pt,8,1024,0.12054562568664551
train,3074,train_features_003074.pt,8,1024,0.08956527709960938
train,3075,train_features_003075.pt,8,1024,0.10279345512390137
train,3076,train_features_003076.pt,8,1024,0.11702966690063477
train,3077,train_features_003077.pt,8,1024,0.08857512474060059
train,3078,train_features_003078.pt,8,1024,0.08858871459960938
train,3079,train_features_003079.pt,8,1024,0.08576750755310059
train,3080,train_features_003080.pt,8,1024,0.08805131912231445
train,3081,train_features_003081.pt,8,1024,0.08529520034790039
train,3082,train_features_003082.pt,8,1024,0.08989524841308594
train,3083,train_features_003083.pt,8,1024,0.12185478210449219
train,3084,train_features_003084.pt,8,1024,0.08995294570922852
train,3085,train_features_003085.pt,8,1024,0.08564543724060059
train,3086,train_features_003086.pt,8,1024,0.08894753456115723
train,3087,train_features_003087.pt,8,1024,0.11230850219726562
train,3088,train_features_003088.pt,8,1024,0.09514689445495605
train,3089,train_features_003089.pt,8,1024,0.08618569374084473
train,3090,train_features_003090.pt,8,1024,0.08856725692749023
train,3091,train_features_003091.pt,8,1024,0.08621978759765625
train,3092,train_features_003092.pt,8,1024,0.09525918960571289
train,3093,train_features_003093.pt,8,1024,0.08876466751098633
train,3094,train_features_003094.pt,8,1024,0.08887195587158203
train,3095,train_features_003095.pt,8,1024,0.13603663444519043
train,3096,train_features_003096.pt,8,1024,0.15479207038879395
train,3097,train_features_003097.pt,8,1024,0.11176300048828125
train,3098,train_features_003098.pt,8,1024,0.1170356273651123
train,3099,train_features_003099.pt,8,1024,0.09204769134521484
train,3100,train_features_003100.pt,8,1024,0.09037566184997559
train,3101,train_features_003101.pt,8,1024,0.11015629768371582
train,3102,train_features_003102.pt,8,1024,0.09131908416748047
train,3103,train_features_003103.pt,8,1024,0.08508920669555664
train,3104,train_features_003104.pt,8,1024,0.08886599540710449
train,3105,train_features_003105.pt,8,1024,0.0858311653137207
train,3106,train_features_003106.pt,8,1024,0.09098029136657715
train,3107,train_features_003107.pt,8,1024,0.08960652351379395
train,3108,train_features_003108.pt,8,1024,0.13185977935791016
train,3109,train_features_003109.pt,8,1024,0.08570361137390137
train,3110,train_features_003110.pt,8,1024,0.09600210189819336
train,3111,train_features_003111.pt,8,1024,0.0937967300415039
train,3112,train_features_003112.pt,8,1024,0.09012413024902344
train,3113,train_features_003113.pt,8,1024,0.09435248374938965
train,3114,train_features_003114.pt,8,1024,0.09080004692077637
train,3115,train_features_003115.pt,8,1024,0.09399580955505371
train,3116,train_features_003116.pt,8,1024,0.09094500541687012
train,3117,train_features_003117.pt,8,1024,0.12534117698669434
train,3118,train_features_003118.pt,8,1024,0.14469552040100098
train,3119,train_features_003119.pt,8,1024,0.08593249320983887
train,3120,train_features_003120.pt,8,1024,0.09033679962158203
train,3121,train_features_003121.pt,8,1024,0.09381508827209473
train,3122,train_features_003122.pt,8,1024,0.13391757011413574
train,3123,train_features_003123.pt,8,1024,0.13112521171569824
train,3124,train_features_003124.pt,8,1024,0.09068512916564941
train,3125,train_features_003125.pt,8,1024,0.09328627586364746
train,3126,train_features_003126.pt,8,1024,0.0906062126159668
train,3127,train_features_003127.pt,8,1024,0.14538240432739258
train,3128,train_features_003128.pt,8,1024,0.09620523452758789
train,3129,train_features_003129.pt,8,1024,0.12592053413391113
train,3130,train_features_003130.pt,8,1024,0.09054064750671387
train,3131,train_features_003131.pt,8,1024,0.09339118003845215
train,3132,train_features_003132.pt,8,1024,0.09954237937927246
train,3133,train_features_003133.pt,8,1024,0.09552526473999023
train,3134,train_features_003134.pt,8,1024,0.14738106727600098
train,3135,train_features_003135.pt,8,1024,0.09265732765197754
train,3136,train_features_003136.pt,8,1024,0.09075427055358887
train,3137,train_features_003137.pt,8,1024,0.11380791664123535
train,3138,train_features_003138.pt,8,1024,0.12152862548828125
train,3139,train_features_003139.pt,8,1024,0.12342023849487305
train,3140,train_features_003140.pt,8,1024,0.14849376678466797
train,3141,train_features_003141.pt,8,1024,0.09421992301940918
train,3142,train_features_003142.pt,8,1024,0.08981442451477051
train,3143,train_features_003143.pt,8,1024,0.1597602367401123
train,3144,train_features_003144.pt,8,1024,0.09010887145996094
train,3145,train_features_003145.pt,8,1024,0.128251314163208
train,3146,train_features_003146.pt,8,1024,0.0903010368347168
train,3147,train_features_003147.pt,8,1024,0.09366536140441895
train,3148,train_features_003148.pt,8,1024,0.09077095985412598
train,3149,train_features_003149.pt,8,1024,0.13158893585205078
train,3150,train_features_003150.pt,8,1024,0.09200048446655273
train,3151,train_features_003151.pt,8,1024,0.13309764862060547
train,3152,train_features_003152.pt,8,1024,0.09252738952636719
train,3153,train_features_003153.pt,8,1024,0.09430480003356934
train,3154,train_features_003154.pt,8,1024,0.12506341934204102
train,3155,train_features_003155.pt,8,1024,0.08593964576721191
train,3156,train_features_003156.pt,8,1024,0.08886146545410156
train,3157,train_features_003157.pt,8,1024,0.09397292137145996
train,3158,train_features_003158.pt,8,1024,0.14890027046203613
train,3159,train_features_003159.pt,8,1024,0.08552765846252441
train,3160,train_features_003160.pt,8,1024,0.09353017807006836
train,3161,train_features_003161.pt,8,1024,0.11046600341796875
train,3162,train_features_003162.pt,8,1024,0.0907440185546875
train,3163,train_features_003163.pt,8,1024,0.08654022216796875
train,3164,train_features_003164.pt,8,1024,0.11753439903259277
train,3165,train_features_003165.pt,8,1024,0.1258382797241211
train,3166,train_features_003166.pt,8,1024,0.09031033515930176
train,3167,train_features_003167.pt,8,1024,0.09351015090942383
train,3168,train_features_003168.pt,8,1024,0.09120559692382812
train,3169,train_features_003169.pt,8,1024,0.0946500301361084
train,3170,train_features_003170.pt,8,1024,0.09060239791870117
train,3171,train_features_003171.pt,8,1024,0.10091805458068848
train,3172,train_features_003172.pt,8,1024,0.10715627670288086
train,3173,train_features_003173.pt,8,1024,0.08554339408874512
train,3174,train_features_003174.pt,8,1024,0.10850358009338379
train,3175,train_features_003175.pt,8,1024,0.12362504005432129
train,3176,train_features_003176.pt,8,1024,0.0906839370727539
train,3177,train_features_003177.pt,8,1024,0.11891579627990723
train,3178,train_features_003178.pt,8,1024,0.09065461158752441
train,3179,train_features_003179.pt,8,1024,0.0939185619354248
train,3180,train_features_003180.pt,8,1024,0.09040260314941406
train,3181,train_features_003181.pt,8,1024,0.137223482131958
train,3182,train_features_003182.pt,8,1024,0.09049534797668457
train,3183,train_features_003183.pt,8,1024,0.12572860717773438
train,3184,train_features_003184.pt,8,1024,0.10048580169677734
train,3185,train_features_003185.pt,8,1024,0.09335613250732422
train,3186,train_features_003186.pt,8,1024,0.09103274345397949
train,3187,train_features_003187.pt,8,1024,0.09608745574951172
train,3188,train_features_003188.pt,8,1024,0.13454699516296387
train,3189,train_features_003189.pt,8,1024,0.09708595275878906
train,3190,train_features_003190.pt,8,1024,0.12327837944030762
train,3191,train_features_003191.pt,8,1024,0.15626168251037598
train,3192,train_features_003192.pt,8,1024,0.1322638988494873
train,3193,train_features_003193.pt,8,1024,0.13565516471862793
train,3194,train_features_003194.pt,8,1024,0.14273905754089355
train,3195,train_features_003195.pt,8,1024,0.0972299575805664
train,3196,train_features_003196.pt,8,1024,0.1003110408782959
train,3197,train_features_003197.pt,8,1024,0.09402871131896973
train,3198,train_features_003198.pt,8,1024,0.12213778495788574
train,3199,train_features_003199.pt,8,1024,0.10665178298950195
train,3200,train_features_003200.pt,8,1024,0.09172964096069336
train,3201,train_features_003201.pt,8,1024,0.12246441841125488
train,3202,train_features_003202.pt,8,1024,0.09497952461242676
train,3203,train_features_003203.pt,8,1024,0.14717507362365723
train,3204,train_features_003204.pt,8,1024,0.1372814178466797
train,3205,train_features_003205.pt,8,1024,0.09099364280700684
train,3206,train_features_003206.pt,8,1024,0.10703349113464355
train,3207,train_features_003207.pt,8,1024,0.09523987770080566
train,3208,train_features_003208.pt,8,1024,0.08993387222290039
train,3209,train_features_003209.pt,8,1024,0.09358429908752441
train,3210,train_features_003210.pt,8,1024,0.09032821655273438
train,3211,train_features_003211.pt,8,1024,0.10470104217529297
train,3212,train_features_003212.pt,8,1024,0.10919356346130371
train,3213,train_features_003213.pt,8,1024,0.09354925155639648
train,3214,train_features_003214.pt,8,1024,0.12973856925964355
train,3215,train_features_003215.pt,8,1024,0.09201622009277344
train,3216,train_features_003216.pt,8,1024,0.11847281455993652
train,3217,train_features_003217.pt,8,1024,0.13866686820983887
train,3218,train_features_003218.pt,8,1024,0.09181547164916992
train,3219,train_features_003219.pt,8,1024,0.09373903274536133
train,3220,train_features_003220.pt,8,1024,0.11307072639465332
train,3221,train_features_003221.pt,8,1024,0.09316349029541016
train,3222,train_features_003222.pt,8,1024,0.09079766273498535
train,3223,train_features_003223.pt,8,1024,0.09196138381958008
train,3224,train_features_003224.pt,8,1024,0.09105372428894043
train,3225,train_features_003225.pt,8,1024,0.09754800796508789
train,3226,train_features_003226.pt,8,1024,0.1374983787536621
train,3227,train_features_003227.pt,8,1024,0.09595274925231934
train,3228,train_features_003228.pt,8,1024,0.09130859375
train,3229,train_features_003229.pt,8,1024,0.10547947883605957
train,3230,train_features_003230.pt,8,1024,0.09116411209106445
train,3231,train_features_003231.pt,8,1024,0.09245133399963379
train,3232,train_features_003232.pt,8,1024,0.08953213691711426
train,3233,train_features_003233.pt,8,1024,0.09304141998291016
train,3234,train_features_003234.pt,8,1024,0.113006591796875
train,3235,train_features_003235.pt,8,1024,0.13353824615478516
train,3236,train_features_003236.pt,8,1024,0.0910191535949707
train,3237,train_features_003237.pt,8,1024,0.10989594459533691
train,3238,train_features_003238.pt,8,1024,0.09090542793273926
train,3239,train_features_003239.pt,8,1024,0.0935983657836914
train,3240,train_features_003240.pt,8,1024,0.09260082244873047
train,3241,train_features_003241.pt,8,1024,0.08774471282958984
train,3242,train_features_003242.pt,8,1024,0.09288501739501953
train,3243,train_features_003243.pt,8,1024,0.08689522743225098
train,3244,train_features_003244.pt,8,1024,0.12724661827087402
train,3245,train_features_003245.pt,8,1024,0.09342384338378906
train,3246,train_features_003246.pt,8,1024,0.09347414970397949
train,3247,train_features_003247.pt,8,1024,0.09482693672180176
train,3248,train_features_003248.pt,8,1024,0.10457897186279297
train,3249,train_features_003249.pt,8,1024,0.09388899803161621
train,3250,train_features_003250.pt,8,1024,0.11615180969238281
train,3251,train_features_003251.pt,8,1024,0.11470937728881836
train,3252,train_features_003252.pt,8,1024,0.11603665351867676
train,3253,train_features_003253.pt,8,1024,0.11827421188354492
train,3254,train_features_003254.pt,8,1024,0.11718297004699707
train,3255,train_features_003255.pt,8,1024,0.14277052879333496
train,3256,train_features_003256.pt,8,1024,0.09307146072387695
train,3257,train_features_003257.pt,8,1024,0.09340929985046387
train,3258,train_features_003258.pt,8,1024,0.12908005714416504
train,3259,train_features_003259.pt,8,1024,0.09306025505065918
train,3260,train_features_003260.pt,8,1024,0.09097671508789062
train,3261,train_features_003261.pt,8,1024,0.09382891654968262
train,3262,train_features_003262.pt,8,1024,0.10021567344665527
train,3263,train_features_003263.pt,8,1024,0.09355521202087402
train,3264,train_features_003264.pt,8,1024,0.11633849143981934
train,3265,train_features_003265.pt,8,1024,0.09368658065795898
train,3266,train_features_003266.pt,8,1024,0.09507107734680176
train,3267,train_features_003267.pt,8,1024,0.0939323902130127
train,3268,train_features_003268.pt,8,1024,0.0906059741973877
train,3269,train_features_003269.pt,8,1024,0.0935370922088623
train,3270,train_features_003270.pt,8,1024,0.12546658515930176
train,3271,train_features_003271.pt,8,1024,0.14728093147277832
train,3272,train_features_003272.pt,8,1024,0.09308242797851562
train,3273,train_features_003273.pt,8,1024,0.12268519401550293
train,3274,train_features_003274.pt,8,1024,0.11695170402526855
train,3275,train_features_003275.pt,8,1024,0.09437179565429688
train,3276,train_features_003276.pt,8,1024,0.0897836685180664
train,3277,train_features_003277.pt,8,1024,0.09431838989257812
train,3278,train_features_003278.pt,8,1024,0.09037899971008301
train,3279,train_features_003279.pt,8,1024,0.09342384338378906
train,3280,train_features_003280.pt,8,1024,0.09537267684936523
train,3281,train_features_003281.pt,8,1024,0.09423089027404785
train,3282,train_features_003282.pt,8,1024,0.09034085273742676
train,3283,train_features_003283.pt,8,1024,0.09409832954406738
train,3284,train_features_003284.pt,8,1024,0.09012937545776367
train,3285,train_features_003285.pt,8,1024,0.09459137916564941
train,3286,train_features_003286.pt,8,1024,0.09049248695373535
train,3287,train_features_003287.pt,8,1024,0.13207197189331055
train,3288,train_features_003288.pt,8,1024,0.09092926979064941
train,3289,train_features_003289.pt,8,1024,0.09723234176635742
train,3290,train_features_003290.pt,8,1024,0.13089466094970703
train,3291,train_features_003291.pt,8,1024,0.09514045715332031
train,3292,train_features_003292.pt,8,1024,0.09031987190246582
train,3293,train_features_003293.pt,8,1024,0.12461423873901367
train,3294,train_features_003294.pt,8,1024,0.10105729103088379
train,3295,train_features_003295.pt,8,1024,0.09356069564819336
train,3296,train_features_003296.pt,8,1024,0.1050422191619873
train,3297,train_features_003297.pt,8,1024,0.09339404106140137
train,3298,train_features_003298.pt,8,1024,0.09491991996765137
train,3299,train_features_003299.pt,8,1024,0.10834836959838867
train,3300,train_features_003300.pt,8,1024,0.0924842357635498
train,3301,train_features_003301.pt,8,1024,0.1300058364868164
train,3302,train_features_003302.pt,8,1024,0.09141993522644043
train,3303,train_features_003303.pt,8,1024,0.08787083625793457
train,3304,train_features_003304.pt,8,1024,0.09464144706726074
train,3305,train_features_003305.pt,8,1024,0.09955382347106934
train,3306,train_features_003306.pt,8,1024,0.09419131278991699
train,3307,train_features_003307.pt,8,1024,0.08640718460083008
train,3308,train_features_003308.pt,8,1024,0.09082984924316406
train,3309,train_features_003309.pt,8,1024,0.0853722095489502
train,3310,train_features_003310.pt,8,1024,0.09078860282897949
train,3311,train_features_003311.pt,8,1024,0.10337972640991211
train,3312,train_features_003312.pt,8,1024,0.09079432487487793
train,3313,train_features_003313.pt,8,1024,0.11037778854370117
train,3314,train_features_003314.pt,8,1024,0.09093165397644043
train,3315,train_features_003315.pt,8,1024,0.09283661842346191
train,3316,train_features_003316.pt,8,1024,0.11115312576293945
train,3317,train_features_003317.pt,8,1024,0.11401820182800293
train,3318,train_features_003318.pt,8,1024,0.09107112884521484
train,3319,train_features_003319.pt,8,1024,0.09395766258239746
train,3320,train_features_003320.pt,8,1024,0.12085413932800293
train,3321,train_features_003321.pt,8,1024,0.09554243087768555
train,3322,train_features_003322.pt,8,1024,0.09069085121154785
train,3323,train_features_003323.pt,8,1024,0.09404897689819336
train,3324,train_features_003324.pt,8,1024,0.09080696105957031
train,3325,train_features_003325.pt,8,1024,0.13610029220581055
train,3326,train_features_003326.pt,8,1024,0.1194770336151123
train,3327,train_features_003327.pt,8,1024,0.09470033645629883
train,3328,train_features_003328.pt,8,1024,0.09568333625793457
train,3329,train_features_003329.pt,8,1024,0.13636422157287598
train,3330,train_features_003330.pt,8,1024,0.0910794734954834
train,3331,train_features_003331.pt,8,1024,0.09428834915161133
train,3332,train_features_003332.pt,8,1024,0.11503720283508301
train,3333,train_features_003333.pt,8,1024,0.1049337387084961
train,3334,train_features_003334.pt,8,1024,0.1082911491394043
train,3335,train_features_003335.pt,8,1024,0.13113188743591309
train,3336,train_features_003336.pt,8,1024,0.09007787704467773
train,3337,train_features_003337.pt,8,1024,0.09432554244995117
train,3338,train_features_003338.pt,8,1024,0.12864398956298828
train,3339,train_features_003339.pt,8,1024,0.0938863754272461
train,3340,train_features_003340.pt,8,1024,0.09113287925720215
train,3341,train_features_003341.pt,8,1024,0.16170620918273926
train,3342,train_features_003342.pt,8,1024,0.09045600891113281
train,3343,train_features_003343.pt,8,1024,0.10777997970581055
train,3344,train_features_003344.pt,8,1024,0.09072566032409668
train,3345,train_features_003345.pt,8,1024,0.0941925048828125
train,3346,train_features_003346.pt,8,1024,0.09003090858459473
train,3347,train_features_003347.pt,8,1024,0.09351563453674316
train,3348,train_features_003348.pt,8,1024,0.09602904319763184
train,3349,train_features_003349.pt,8,1024,0.09369969367980957
train,3350,train_features_003350.pt,8,1024,0.09088563919067383
train,3351,train_features_003351.pt,8,1024,0.09420299530029297
train,3352,train_features_003352.pt,8,1024,0.09113717079162598
train,3353,train_features_003353.pt,8,1024,0.09392619132995605
train,3354,train_features_003354.pt,8,1024,0.14404773712158203
train,3355,train_features_003355.pt,8,1024,0.09378337860107422
train,3356,train_features_003356.pt,8,1024,0.09036421775817871
train,3357,train_features_003357.pt,8,1024,0.0926046371459961
train,3358,train_features_003358.pt,8,1024,0.09077215194702148
train,3359,train_features_003359.pt,8,1024,0.11035513877868652
train,3360,train_features_003360.pt,8,1024,0.12709784507751465
train,3361,train_features_003361.pt,8,1024,0.11431241035461426
train,3362,train_features_003362.pt,8,1024,0.09097003936767578
train,3363,train_features_003363.pt,8,1024,0.09394407272338867
train,3364,train_features_003364.pt,8,1024,0.09155440330505371
train,3365,train_features_003365.pt,8,1024,0.09408736228942871
train,3366,train_features_003366.pt,8,1024,0.11758923530578613
train,3367,train_features_003367.pt,8,1024,0.13505029678344727
train,3368,train_features_003368.pt,8,1024,0.11313271522521973
train,3369,train_features_003369.pt,8,1024,0.11845278739929199
train,3370,train_features_003370.pt,8,1024,0.09109640121459961
train,3371,train_features_003371.pt,8,1024,0.1370699405670166
train,3372,train_features_003372.pt,8,1024,0.0959768295288086
train,3373,train_features_003373.pt,8,1024,0.0913243293762207
train,3374,train_features_003374.pt,8,1024,0.09123086929321289
train,3375,train_features_003375.pt,8,1024,0.09387636184692383
train,3376,train_features_003376.pt,8,1024,0.09099006652832031
train,3377,train_features_003377.pt,8,1024,0.10773587226867676
train,3378,train_features_003378.pt,8,1024,0.09059810638427734
train,3379,train_features_003379.pt,8,1024,0.12656807899475098
train,3380,train_features_003380.pt,8,1024,0.09142446517944336
train,3381,train_features_003381.pt,8,1024,0.09391951560974121
train,3382,train_features_003382.pt,8,1024,0.0911412239074707
train,3383,train_features_003383.pt,8,1024,0.11161518096923828
train,3384,train_features_003384.pt,8,1024,0.09093594551086426
train,3385,train_features_003385.pt,8,1024,0.08864140510559082
train,3386,train_features_003386.pt,8,1024,0.11571836471557617
train,3387,train_features_003387.pt,8,1024,0.09349727630615234
train,3388,train_features_003388.pt,8,1024,0.09076905250549316
train,3389,train_features_003389.pt,8,1024,0.09395432472229004
train,3390,train_features_003390.pt,8,1024,0.09117865562438965
train,3391,train_features_003391.pt,8,1024,0.09401416778564453
train,3392,train_features_003392.pt,8,1024,0.09184074401855469
train,3393,train_features_003393.pt,8,1024,0.0937340259552002
train,3394,train_features_003394.pt,8,1024,0.09088301658630371
train,3395,train_features_003395.pt,8,1024,0.08646821975708008
train,3396,train_features_003396.pt,8,1024,0.09285283088684082
train,3397,train_features_003397.pt,8,1024,0.09935951232910156
train,3398,train_features_003398.pt,8,1024,0.09124422073364258
train,3399,train_features_003399.pt,8,1024,0.09863972663879395
train,3400,train_features_003400.pt,8,1024,0.1423180103302002
train,3401,train_features_003401.pt,8,1024,0.09356522560119629
train,3402,train_features_003402.pt,8,1024,0.11719012260437012
train,3403,train_features_003403.pt,8,1024,0.09555721282958984
train,3404,train_features_003404.pt,8,1024,0.09110808372497559
train,3405,train_features_003405.pt,8,1024,0.0936121940612793
train,3406,train_features_003406.pt,8,1024,0.0919804573059082
train,3407,train_features_003407.pt,8,1024,0.09406566619873047
train,3408,train_features_003408.pt,8,1024,0.09170937538146973
train,3409,train_features_003409.pt,8,1024,0.0936434268951416
train,3410,train_features_003410.pt,8,1024,0.09265422821044922
train,3411,train_features_003411.pt,8,1024,0.12615656852722168
train,3412,train_features_003412.pt,8,1024,0.09179544448852539
train,3413,train_features_003413.pt,8,1024,0.14157462120056152
train,3414,train_features_003414.pt,8,1024,0.09146785736083984
train,3415,train_features_003415.pt,8,1024,0.09395527839660645
train,3416,train_features_003416.pt,8,1024,0.09244894981384277
train,3417,train_features_003417.pt,8,1024,0.1158897876739502
train,3418,train_features_003418.pt,8,1024,0.09855461120605469
train,3419,train_features_003419.pt,8,1024,0.09384322166442871
train,3420,train_features_003420.pt,8,1024,0.09203863143920898
train,3421,train_features_003421.pt,8,1024,0.0872793197631836
train,3422,train_features_003422.pt,8,1024,0.09160161018371582
train,3423,train_features_003423.pt,8,1024,0.09116864204406738
train,3424,train_features_003424.pt,8,1024,0.10286831855773926
train,3425,train_features_003425.pt,8,1024,0.0935666561126709
train,3426,train_features_003426.pt,8,1024,0.11835622787475586
train,3427,train_features_003427.pt,8,1024,0.12216687202453613
train,3428,train_features_003428.pt,8,1024,0.1271677017211914
train,3429,train_features_003429.pt,8,1024,0.09384417533874512
train,3430,train_features_003430.pt,8,1024,0.09209632873535156
train,3431,train_features_003431.pt,8,1024,0.12008070945739746
train,3432,train_features_003432.pt,8,1024,0.12433505058288574
train,3433,train_features_003433.pt,8,1024,0.09425640106201172
train,3434,train_features_003434.pt,8,1024,0.09206032752990723
train,3435,train_features_003435.pt,8,1024,0.09430575370788574
train,3436,train_features_003436.pt,8,1024,0.1149747371673584
train,3437,train_features_003437.pt,8,1024,0.09376358985900879
train,3438,train_features_003438.pt,8,1024,0.09169602394104004
train,3439,train_features_003439.pt,8,1024,0.08910560607910156
train,3440,train_features_003440.pt,8,1024,0.09132885932922363
train,3441,train_features_003441.pt,8,1024,0.10231232643127441
train,3442,train_features_003442.pt,8,1024,0.09166526794433594
train,3443,train_features_003443.pt,8,1024,0.09347248077392578
train,3444,train_features_003444.pt,8,1024,0.09202408790588379
train,3445,train_features_003445.pt,8,1024,0.09421801567077637
train,3446,train_features_003446.pt,8,1024,0.09173774719238281
train,3447,train_features_003447.pt,8,1024,0.1384141445159912
train,3448,train_features_003448.pt,8,1024,0.11137676239013672
train,3449,train_features_003449.pt,8,1024,0.09372806549072266
train,3450,train_features_003450.pt,8,1024,0.09079480171203613
train,3451,train_features_003451.pt,8,1024,0.09365344047546387
train,3452,train_features_003452.pt,8,1024,0.09188508987426758
train,3453,train_features_003453.pt,8,1024,0.09127330780029297
train,3454,train_features_003454.pt,8,1024,0.09122753143310547
train,3455,train_features_003455.pt,8,1024,0.09385919570922852
train,3456,train_features_003456.pt,8,1024,0.10808563232421875
train,3457,train_features_003457.pt,8,1024,0.09379720687866211
train,3458,train_features_003458.pt,8,1024,0.09051299095153809
train,3459,train_features_003459.pt,8,1024,0.09114432334899902
train,3460,train_features_003460.pt,8,1024,0.09111666679382324
train,3461,train_features_003461.pt,8,1024,0.13306760787963867
train,3462,train_features_003462.pt,8,1024,0.12301468849182129
train,3463,train_features_003463.pt,8,1024,0.14358162879943848
train,3464,train_features_003464.pt,8,1024,0.09093570709228516
train,3465,train_features_003465.pt,8,1024,0.09401679039001465
train,3466,train_features_003466.pt,8,1024,0.09102535247802734
train,3467,train_features_003467.pt,8,1024,0.09501051902770996
train,3468,train_features_003468.pt,8,1024,0.1320667266845703
train,3469,train_features_003469.pt,8,1024,0.09370160102844238
train,3470,train_features_003470.pt,8,1024,0.09280920028686523
train,3471,train_features_003471.pt,8,1024,0.09369206428527832
train,3472,train_features_003472.pt,8,1024,0.09199190139770508
train,3473,train_features_003473.pt,8,1024,0.09366512298583984
train,3474,train_features_003474.pt,8,1024,0.09200859069824219
train,3475,train_features_003475.pt,8,1024,0.15401864051818848
train,3476,train_features_003476.pt,8,1024,0.13571739196777344
train,3477,train_features_003477.pt,8,1024,0.14733219146728516
train,3478,train_features_003478.pt,8,1024,0.13504838943481445
train,3479,train_features_003479.pt,8,1024,0.11368632316589355
train,3480,train_features_003480.pt,8,1024,0.09661364555358887
train,3481,train_features_003481.pt,8,1024,0.09341716766357422
train,3482,train_features_003482.pt,8,1024,0.09100580215454102
train,3483,train_features_003483.pt,8,1024,0.12115597724914551
train,3484,train_features_003484.pt,8,1024,0.12822365760803223
train,3485,train_features_003485.pt,8,1024,0.11385679244995117
train,3486,train_features_003486.pt,8,1024,0.09159564971923828
train,3487,train_features_003487.pt,8,1024,0.0940554141998291
train,3488,train_features_003488.pt,8,1024,0.09162473678588867
train,3489,train_features_003489.pt,8,1024,0.1102914810180664
train,3490,train_features_003490.pt,8,1024,0.09537506103515625
train,3491,train_features_003491.pt,8,1024,0.1244659423828125
train,3492,train_features_003492.pt,8,1024,0.0907907485961914
train,3493,train_features_003493.pt,8,1024,0.09461283683776855
train,3494,train_features_003494.pt,8,1024,0.09112787246704102
train,3495,train_features_003495.pt,8,1024,0.12147355079650879
train,3496,train_features_003496.pt,8,1024,0.10021829605102539
train,3497,train_features_003497.pt,8,1024,0.09381794929504395
train,3498,train_features_003498.pt,8,1024,0.09120893478393555
train,3499,train_features_003499.pt,8,1024,0.09310674667358398
